time,setpoint,roll_rate,roll_rate_clean,motor_1,motor_2,motor_3,motor_4
0.000000,0.000000,-0.002413,0.000000,0.500000,0.500000,0.500000,0.500000
0.002500,0.000000,-0.000897,0.000000,0.500000,0.500000,0.500000,0.500000
0.005000,0.000000,0.003143,0.000000,0.500000,0.500000,0.500000,0.500000
0.007500,0.000000,0.000473,0.000000,0.500000,0.500000,0.500000,0.500000
0.010000,0.000000,0.002245,0.000000,0.500000,0.500000,0.500000,0.500000
0.012500,0.000000,0.001408,0.000000,0.500000,0.500000,0.500000,0.500000
0.015000,0.000000,-0.001553,0.000000,0.500000,0.500000,0.500000,0.500000
0.017500,0.000000,0.001322,0.000000,0.500000,0.500000,0.500000,0.500000
0.020000,0.000000,-0.000772,0.000000,0.500000,0.500000,0.500000,0.500000
0.022500,0.000000,-0.000787,0.000000,0.500000,0.500000,0.500000,0.500000
0.025000,0.000000,0.000237,0.000000,0.500000,0.500000,0.500000,0.500000
0.027500,0.000000,-0.003723,0.000000,0.500000,0.500000,0.500000,0.500000
0.030000,0.000000,0.002909,0.000000,0.500000,0.500000,0.500000,0.500000
0.032500,0.000000,-0.001637,0.000000,0.500000,0.500000,0.500000,0.500000
0.035000,0.000000,0.002441,0.000000,0.500000,0.500000,0.500000,0.500000
0.037500,0.000000,0.000333,0.000000,0.500000,0.500000,0.500000,0.500000
0.040000,0.000000,0.003738,0.000000,0.500000,0.500000,0.500000,0.500000
0.042500,0.000000,-0.001610,0.000000,0.500000,0.500000,0.500000,0.500000
0.045000,0.000000,-0.000761,0.000000,0.500000,0.500000,0.500000,0.500000
0.047500,0.000000,0.000824,0.000000,0.500000,0.500000,0.500000,0.500000
0.050000,0.000000,-0.005386,0.000000,0.500000,0.500000,0.500000,0.500000
0.052500,0.000000,0.002020,0.000000,0.500000,0.500000,0.500000,0.500000
0.055000,0.000000,0.003762,0.000000,0.500000,0.500000,0.500000,0.500000
0.057500,0.000000,0.002749,0.000000,0.500000,0.500000,0.500000,0.500000
0.060000,0.000000,0.001842,0.000000,0.500000,0.500000,0.500000,0.500000
0.062500,0.000000,-0.000356,0.000000,0.500000,0.500000,0.500000,0.500000
0.065000,0.000000,0.003128,0.000000,0.500000,0.500000,0.500000,0.500000
0.067500,0.000000,0.002621,0.000000,0.500000,0.500000,0.500000,0.500000
0.070000,0.000000,0.000958,0.000000,0.500000,0.500000,0.500000,0.500000
0.072500,0.000000,0.000012,0.000000,0.500000,0.500000,0.500000,0.500000
0.075000,0.000000,-0.000883,0.000000,0.500000,0.500000,0.500000,0.500000
0.077500,0.000000,-0.003002,0.000000,0.500000,0.500000,0.500000,0.500000
0.080000,0.000000,0.002992,0.000000,0.500000,0.500000,0.500000,0.500000
0.082500,0.000000,-0.005300,0.000000,0.500000,0.500000,0.500000,0.500000
0.085000,0.000000,-0.000903,0.000000,0.500000,0.500000,0.500000,0.500000
0.087500,0.000000,0.000401,0.000000,0.500000,0.500000,0.500000,0.500000
0.090000,0.000000,0.002098,0.000000,0.500000,0.500000,0.500000,0.500000
0.092500,0.000000,0.004298,0.000000,0.500000,0.500000,0.500000,0.500000
0.095000,0.000000,0.002424,0.000000,0.500000,0.500000,0.500000,0.500000
0.097500,0.000000,-0.000711,0.000000,0.500000,0.500000,0.500000,0.500000
0.100000,0.000000,0.001777,0.000000,0.500000,0.500000,0.500000,0.500000
0.102500,0.000000,-0.003078,0.000000,0.500000,0.500000,0.500000,0.500000
0.105000,0.000000,0.003489,0.000000,0.500000,0.500000,0.500000,0.500000
0.107500,0.000000,-0.000382,0.000000,0.500000,0.500000,0.500000,0.500000
0.110000,0.000000,-0.001644,0.000000,0.500000,0.500000,0.500000,0.500000
0.112500,0.000000,-0.001559,0.000000,0.500000,0.500000,0.500000,0.500000
0.115000,0.000000,-0.000150,0.000000,0.500000,0.500000,0.500000,0.500000
0.117500,0.000000,-0.000958,0.000000,0.500000,0.500000,0.500000,0.500000
0.120000,0.000000,0.005587,0.000000,0.500000,0.500000,0.500000,0.500000
0.122500,0.000000,-0.001752,0.000000,0.500000,0.500000,0.500000,0.500000
0.125000,0.000000,0.000080,0.000000,0.500000,0.500000,0.500000,0.500000
0.127500,0.000000,0.000068,0.000000,0.500000,0.500000,0.500000,0.500000
0.130000,0.000000,0.000069,0.000000,0.500000,0.500000,0.500000,0.500000
0.132500,0.000000,0.000135,0.000000,0.500000,0.500000,0.500000,0.500000
0.135000,0.000000,-0.001175,0.000000,0.500000,0.500000,0.500000,0.500000
0.137500,0.000000,-0.001424,0.000000,0.500000,0.500000,0.500000,0.500000
0.140000,0.000000,-0.002104,0.000000,0.500000,0.500000,0.500000,0.500000
0.142500,0.000000,-0.003631,0.000000,0.500000,0.500000,0.500000,0.500000
0.145000,0.000000,0.000528,0.000000,0.500000,0.500000,0.500000,0.500000
0.147500,0.000000,0.002402,0.000000,0.500000,0.500000,0.500000,0.500000
0.150000,0.000000,-0.001325,0.000000,0.500000,0.500000,0.500000,0.500000
0.152500,0.000000,-0.001363,0.000000,0.500000,0.500000,0.500000,0.500000
0.155000,0.000000,-0.000772,0.000000,0.500000,0.500000,0.500000,0.500000
0.157500,0.000000,-0.001124,0.000000,0.500000,0.500000,0.500000,0.500000
0.160000,0.000000,-0.003504,0.000000,0.500000,0.500000,0.500000,0.500000
0.162500,0.000000,0.003331,0.000000,0.500000,0.500000,0.500000,0.500000
0.165000,0.000000,0.001071,0.000000,0.500000,0.500000,0.500000,0.500000
0.167500,0.000000,-0.001737,0.000000,0.500000,0.500000,0.500000,0.500000
0.170000,0.000000,0.000725,0.000000,0.500000,0.500000,0.500000,0.500000
0.172500,0.000000,-0.001070,0.000000,0.500000,0.500000,0.500000,0.500000
0.175000,0.000000,-0.000516,0.000000,0.500000,0.500000,0.500000,0.500000
0.177500,0.000000,0.000888,0.000000,0.500000,0.500000,0.500000,0.500000
0.180000,0.000000,0.002325,0.000000,0.500000,0.500000,0.500000,0.500000
0.182500,0.000000,0.003708,0.000000,0.500000,0.500000,0.500000,0.500000
0.185000,0.000000,0.004158,0.000000,0.500000,0.500000,0.500000,0.500000
0.187500,0.000000,-0.000607,0.000000,0.500000,0.500000,0.500000,0.500000
0.190000,0.000000,-0.001219,0.000000,0.500000,0.500000,0.500000,0.500000
0.192500,0.000000,0.000243,0.000000,0.500000,0.500000,0.500000,0.500000
0.195000,0.000000,0.000313,0.000000,0.500000,0.500000,0.500000,0.500000
0.197500,0.000000,-0.001792,0.000000,0.500000,0.500000,0.500000,0.500000
0.200000,0.000000,-0.001514,0.000000,0.500000,0.500000,0.500000,0.500000
0.202500,0.000000,0.001984,0.000000,0.500000,0.500000,0.500000,0.500000
0.205000,0.000000,0.004006,0.000000,0.500000,0.500000,0.500000,0.500000
0.207500,0.000000,-0.000553,0.000000,0.500000,0.500000,0.500000,0.500000
0.210000,0.000000,-0.001581,0.000000,0.500000,0.500000,0.500000,0.500000
0.212500,0.000000,-0.000691,0.000000,0.500000,0.500000,0.500000,0.500000
0.215000,0.000000,-0.002428,0.000000,0.500000,0.500000,0.500000,0.500000
0.217500,0.000000,-0.000666,0.000000,0.500000,0.500000,0.500000,0.500000
0.220000,0.000000,0.001031,0.000000,0.500000,0.500000,0.500000,0.500000
0.222500,0.000000,-0.000198,0.000000,0.500000,0.500000,0.500000,0.500000
0.225000,0.000000,0.003012,0.000000,0.500000,0.500000,0.500000,0.500000
0.227500,0.000000,0.000368,0.000000,0.500000,0.500000,0.500000,0.500000
0.230000,0.000000,0.001174,0.000000,0.500000,0.500000,0.500000,0.500000
0.232500,0.000000,-0.000363,0.000000,0.500000,0.500000,0.500000,0.500000
0.235000,0.000000,0.003210,0.000000,0.500000,0.500000,0.500000,0.500000
0.237500,0.000000,-0.002983,0.000000,0.500000,0.500000,0.500000,0.500000
0.240000,0.000000,-0.000741,0.000000,0.500000,0.500000,0.500000,0.500000
0.242500,0.000000,-0.002864,0.000000,0.500000,0.500000,0.500000,0.500000
0.245000,0.000000,0.002016,0.000000,0.500000,0.500000,0.500000,0.500000
0.247500,0.000000,0.002075,0.000000,0.500000,0.500000,0.500000,0.500000
0.250000,0.000000,-0.001258,0.000000,0.500000,0.500000,0.500000,0.500000
0.252500,0.000000,0.004046,0.000000,0.500000,0.500000,0.500000,0.500000
0.255000,0.000000,-0.000725,0.000000,0.500000,0.500000,0.500000,0.500000
0.257500,0.000000,-0.003375,0.000000,0.500000,0.500000,0.500000,0.500000
0.260000,0.000000,-0.000686,0.000000,0.500000,0.500000,0.500000,0.500000
0.262500,0.000000,0.000878,0.000000,0.500000,0.500000,0.500000,0.500000
0.265000,0.000000,-0.000572,0.000000,0.500000,0.500000,0.500000,0.500000
0.267500,0.000000,0.005528,0.000000,0.500000,0.500000,0.500000,0.500000
0.270000,0.000000,0.002087,0.000000,0.500000,0.500000,0.500000,0.500000
0.272500,0.000000,0.004224,0.000000,0.500000,0.500000,0.500000,0.500000
0.275000,0.000000,0.003382,0.000000,0.500000,0.500000,0.500000,0.500000
0.277500,0.000000,-0.004113,0.000000,0.500000,0.500000,0.500000,0.500000
0.280000,0.000000,-0.000922,0.000000,0.500000,0.500000,0.500000,0.500000
0.282500,0.000000,-0.006658,0.000000,0.500000,0.500000,0.500000,0.500000
0.285000,0.000000,-0.001577,0.000000,0.500000,0.500000,0.500000,0.500000
0.287500,0.000000,0.002721,0.000000,0.500000,0.500000,0.500000,0.500000
0.290000,0.000000,-0.002057,0.000000,0.500000,0.500000,0.500000,0.500000
0.292500,0.000000,-0.001554,0.000000,0.500000,0.500000,0.500000,0.500000
0.295000,0.000000,0.000796,0.000000,0.500000,0.500000,0.500000,0.500000
0.297500,0.000000,0.001921,0.000000,0.500000,0.500000,0.500000,0.500000
0.300000,0.000000,-0.000869,0.000000,0.500000,0.500000,0.500000,0.500000
0.302500,0.000000,-0.000624,0.000000,0.500000,0.500000,0.500000,0.500000
0.305000,0.000000,0.001974,0.000000,0.500000,0.500000,0.500000,0.500000
0.307500,0.000000,0.000620,0.000000,0.500000,0.500000,0.500000,0.500000
0.310000,0.000000,-0.000696,0.000000,0.500000,0.500000,0.500000,0.500000
0.312500,0.000000,0.000767,0.000000,0.500000,0.500000,0.500000,0.500000
0.315000,0.000000,0.000186,0.000000,0.500000,0.500000,0.500000,0.500000
0.317500,0.000000,0.000621,0.000000,0.500000,0.500000,0.500000,0.500000
0.320000,0.000000,0.004883,0.000000,0.500000,0.500000,0.500000,0.500000
0.322500,0.000000,-0.000745,0.000000,0.500000,0.500000,0.500000,0.500000
0.325000,0.000000,-0.001317,0.000000,0.500000,0.500000,0.500000,0.500000
0.327500,0.000000,0.003449,0.000000,0.500000,0.500000,0.500000,0.500000
0.330000,0.000000,-0.001722,0.000000,0.500000,0.500000,0.500000,0.500000
0.332500,0.000000,0.004197,0.000000,0.500000,0.500000,0.500000,0.500000
0.335000,0.000000,-0.000474,0.000000,0.500000,0.500000,0.500000,0.500000
0.337500,0.000000,0.000180,0.000000,0.500000,0.500000,0.500000,0.500000
0.340000,0.000000,0.001790,0.000000,0.500000,0.500000,0.500000,0.500000
0.342500,0.000000,0.002960,0.000000,0.500000,0.500000,0.500000,0.500000
0.345000,0.000000,0.002433,0.000000,0.500000,0.500000,0.500000,0.500000
0.347500,0.000000,-0.000497,0.000000,0.500000,0.500000,0.500000,0.500000
0.350000,0.000000,-0.000894,0.000000,0.500000,0.500000,0.500000,0.500000
0.352500,0.000000,0.000848,0.000000,0.500000,0.500000,0.500000,0.500000
0.355000,0.000000,0.000329,0.000000,0.500000,0.500000,0.500000,0.500000
0.357500,0.000000,-0.001567,0.000000,0.500000,0.500000,0.500000,0.500000
0.360000,0.000000,0.001002,0.000000,0.500000,0.500000,0.500000,0.500000
0.362500,0.000000,0.002426,0.000000,0.500000,0.500000,0.500000,0.500000
0.365000,0.000000,0.000406,0.000000,0.500000,0.500000,0.500000,0.500000
0.367500,0.000000,0.003816,0.000000,0.500000,0.500000,0.500000,0.500000
0.370000,0.000000,0.001001,0.000000,0.500000,0.500000,0.500000,0.500000
0.372500,0.000000,-0.000380,0.000000,0.500000,0.500000,0.500000,0.500000
0.375000,0.000000,0.000245,0.000000,0.500000,0.500000,0.500000,0.500000
0.377500,0.000000,-0.001367,0.000000,0.500000,0.500000,0.500000,0.500000
0.380000,0.000000,-0.002516,0.000000,0.500000,0.500000,0.500000,0.500000
0.382500,0.000000,0.001163,0.000000,0.500000,0.500000,0.500000,0.500000
0.385000,0.000000,-0.002082,0.000000,0.500000,0.500000,0.500000,0.500000
0.387500,0.000000,-0.000874,0.000000,0.500000,0.500000,0.500000,0.500000
0.390000,0.000000,-0.000218,0.000000,0.500000,0.500000,0.500000,0.500000
0.392500,0.000000,0.000940,0.000000,0.500000,0.500000,0.500000,0.500000
0.395000,0.000000,0.001125,0.000000,0.500000,0.500000,0.500000,0.500000
0.397500,0.000000,0.000132,0.000000,0.500000,0.500000,0.500000,0.500000
0.400000,0.000000,-0.004712,0.000000,0.500000,0.500000,0.500000,0.500000
0.402500,0.000000,-0.000504,0.000000,0.500000,0.500000,0.500000,0.500000
0.405000,0.000000,-0.001892,0.000000,0.500000,0.500000,0.500000,0.500000
0.407500,0.000000,-0.000272,0.000000,0.500000,0.500000,0.500000,0.500000
0.410000,0.000000,0.002419,0.000000,0.500000,0.500000,0.500000,0.500000
0.412500,0.000000,0.001964,0.000000,0.500000,0.500000,0.500000,0.500000
0.415000,0.000000,0.000538,0.000000,0.500000,0.500000,0.500000,0.500000
0.417500,0.000000,0.001234,0.000000,0.500000,0.500000,0.500000,0.500000
0.420000,0.000000,-0.003632,0.000000,0.500000,0.500000,0.500000,0.500000
0.422500,0.000000,0.000475,0.000000,0.500000,0.500000,0.500000,0.500000
0.425000,0.000000,0.001524,0.000000,0.500000,0.500000,0.500000,0.500000
0.427500,0.000000,-0.001723,0.000000,0.500000,0.500000,0.500000,0.500000
0.430000,0.000000,0.000988,0.000000,0.500000,0.500000,0.500000,0.500000
0.432500,0.000000,-0.000929,0.000000,0.500000,0.500000,0.500000,0.500000
0.435000,0.000000,0.002441,0.000000,0.500000,0.500000,0.500000,0.500000
0.437500,0.000000,0.002705,0.000000,0.500000,0.500000,0.500000,0.500000
0.440000,0.000000,-0.001305,0.000000,0.500000,0.500000,0.500000,0.500000
0.442500,0.000000,0.003570,0.000000,0.500000,0.500000,0.500000,0.500000
0.445000,0.000000,-0.000464,0.000000,0.500000,0.500000,0.500000,0.500000
0.447500,0.000000,0.005031,0.000000,0.500000,0.500000,0.500000,0.500000
0.450000,0.000000,-0.001199,0.000000,0.500000,0.500000,0.500000,0.500000
0.452500,0.000000,0.000156,0.000000,0.500000,0.500000,0.500000,0.500000
0.455000,0.000000,0.000520,0.000000,0.500000,0.500000,0.500000,0.500000
0.457500,0.000000,-0.001832,0.000000,0.500000,0.500000,0.500000,0.500000
0.460000,0.000000,-0.004210,0.000000,0.500000,0.500000,0.500000,0.500000
0.462500,0.000000,-0.001951,0.000000,0.500000,0.500000,0.500000,0.500000
0.465000,0.000000,0.002634,0.000000,0.500000,0.500000,0.500000,0.500000
0.467500,0.000000,-0.000802,0.000000,0.500000,0.500000,0.500000,0.500000
0.470000,0.000000,-0.000797,0.000000,0.500000,0.500000,0.500000,0.500000
0.472500,0.000000,0.003701,0.000000,0.500000,0.500000,0.500000,0.500000
0.475000,0.000000,0.001204,0.000000,0.500000,0.500000,0.500000,0.500000
0.477500,0.000000,0.001714,0.000000,0.500000,0.500000,0.500000,0.500000
0.480000,0.000000,0.002073,0.000000,0.500000,0.500000,0.500000,0.500000
0.482500,0.000000,-0.002214,0.000000,0.500000,0.500000,0.500000,0.500000
0.485000,0.000000,0.000304,0.000000,0.500000,0.500000,0.500000,0.500000
0.487500,0.000000,0.000367,0.000000,0.500000,0.500000,0.500000,0.500000
0.490000,0.000000,-0.000388,0.000000,0.500000,0.500000,0.500000,0.500000
0.492500,0.000000,-0.002667,0.000000,0.500000,0.500000,0.500000,0.500000
0.495000,0.000000,0.001132,0.000000,0.500000,0.500000,0.500000,0.500000
0.497500,0.000000,-0.004047,0.000000,0.500000,0.500000,0.500000,0.500000
0.500000,1.000000,-0.002286,-0.000000,0.500000,0.500000,0.500000,0.500000
0.502500,1.000000,-0.000078,0.001897,0.500190,0.499810,0.499810,0.500190
0.505000,1.000000,0.006361,0.007367,0.500737,0.499263,0.499263,0.500737
0.507500,1.000000,0.018142,0.016090,0.501609,0.498391,0.498391,0.501609
0.510000,1.000000,0.031803,0.027761,0.502776,0.497224,0.497224,0.502776
0.512500,1.000000,0.046291,0.042089,0.504209,0.495791,0.495791,0.504209
0.515000,1.000000,0.060766,0.058799,0.505880,0.494120,0.494120,0.505880
0.517500,1.000000,0.078700,0.077627,0.507763,0.492237,0.492237,0.507763
0.520000,1.000000,0.092626,0.098327,0.509833,0.490167,0.490167,0.509833
0.522500,1.000000,0.123422,0.120665,0.512066,0.487934,0.487934,0.512066
0.525000,1.000000,0.150833,0.144418,0.514442,0.485558,0.485558,0.514442
0.527500,1.000000,0.170486,0.169381,0.516938,0.483062,0.483062,0.516938
0.530000,1.000000,0.195929,0.195358,0.519536,0.480464,0.480464,0.519536
0.532500,1.000000,0.223871,0.222167,0.522217,0.477783,0.477783,0.522217
0.535000,1.000000,0.251416,0.249638,0.524964,0.475036,0.475036,0.524964
0.537500,1.000000,0.277942,0.277613,0.527761,0.472239,0.472239,0.527761
0.540000,1.000000,0.305034,0.305946,0.530595,0.469405,0.469405,0.530595
0.542500,1.000000,0.335382,0.334499,0.533450,0.466550,0.466550,0.533450
0.545000,1.000000,0.359802,0.363149,0.536315,0.463685,0.463685,0.536315
0.547500,1.000000,0.387187,0.391780,0.539178,0.460822,0.460822,0.539178
0.550000,1.000000,0.423607,0.420286,0.542029,0.457971,0.457971,0.542029
0.552500,1.000000,0.447454,0.448572,0.544857,0.455143,0.455143,0.544857
0.555000,1.000000,0.478296,0.476549,0.547655,0.452345,0.452345,0.547655
0.557500,1.000000,0.507933,0.504140,0.550414,0.449586,0.449586,0.550414
0.560000,1.000000,0.534251,0.531273,0.553127,0.446873,0.446873,0.553127
0.562500,1.000000,0.556535,0.557886,0.555789,0.444211,0.444211,0.555789
0.565000,1.000000,0.584714,0.583921,0.558392,0.441608,0.441608,0.558392
0.567500,1.000000,0.606487,0.609332,0.560933,0.439067,0.439067,0.560933
0.570000,1.000000,0.633819,0.634074,0.563407,0.436593,0.436593,0.563407
0.572500,1.000000,0.660664,0.658111,0.565811,0.434189,0.434189,0.565811
0.575000,1.000000,0.681491,0.681413,0.568141,0.431859,0.431859,0.568141
0.577500,1.000000,0.696997,0.703954,0.570395,0.429605,0.429605,0.570395
0.580000,1.000000,0.720220,0.725713,0.572571,0.427429,0.427429,0.572571
0.582500,1.000000,0.744719,0.746675,0.574667,0.425333,0.425333,0.574667
0.585000,1.000000,0.770081,0.766828,0.576683,0.423317,0.423317,0.576683
0.587500,1.000000,0.786650,0.786164,0.578616,0.421384,0.421384,0.578616
0.590000,1.000000,0.805024,0.804680,0.580468,0.419532,0.419532,0.580468
0.592500,1.000000,0.819163,0.822374,0.582237,0.417763,0.417763,0.582237
0.595000,1.000000,0.839608,0.839251,0.583925,0.416075,0.416075,0.583925
0.597500,1.000000,0.849763,0.855314,0.585531,0.414469,0.414469,0.585531
0.600000,1.000000,0.871407,0.870573,0.587057,0.412943,0.412943,0.587057
0.602500,1.000000,0.887914,0.885037,0.588504,0.411496,0.411496,0.588504
0.605000,1.000000,0.896724,0.898719,0.589872,0.410128,0.410128,0.589872
0.607500,1.000000,0.914280,0.911634,0.591163,0.408837,0.408837,0.591163
0.610000,1.000000,0.922040,0.923797,0.592380,0.407620,0.407620,0.592380
0.612500,1.000000,0.935585,0.935226,0.593523,0.406477,0.406477,0.593523
0.615000,1.000000,0.945608,0.945939,0.594594,0.405406,0.405406,0.594594
0.617500,1.000000,0.956187,0.955958,0.595596,0.404404,0.404404,0.595596
0.620000,1.000000,0.969027,0.965301,0.596530,0.403470,0.403470,0.596530
0.622500,1.000000,0.976142,0.973991,0.597399,0.402601,0.402601,0.597399
0.625000,1.000000,0.980397,0.982051,0.598205,0.401795,0.401795,0.598205
0.627500,1.000000,0.982756,0.989502,0.598950,0.401050,0.401050,0.598950
0.630000,1.000000,0.998552,0.996369,0.599637,0.400363,0.400363,0.599637
0.632500,1.000000,1.004537,1.002673,0.600267,0.399733,0.399733,0.600267
0.635000,1.000000,1.008844,1.008440,0.600844,0.399156,0.399156,0.600844
0.637500,1.000000,1.012330,1.013692,0.601369,0.398631,0.398631,0.601369
0.640000,1.000000,1.022352,1.018452,0.601845,0.398155,0.398155,0.601845
0.642500,1.000000,1.018384,1.022745,0.602275,0.397725,0.397725,0.602275
0.645000,1.000000,1.024679,1.026593,0.602659,0.397341,0.397341,0.602659
0.647500,1.000000,1.026441,1.030019,0.603002,0.396998,0.396998,0.603002
0.650000,1.000000,1.033952,1.033046,0.603305,0.396695,0.396695,0.603305
0.652500,1.000000,1.034558,1.035696,0.603570,0.396430,0.396430,0.603570
0.655000,1.000000,1.043142,1.037990,0.603799,0.396201,0.396201,0.603799
0.657500,1.000000,1.039994,1.039950,0.603995,0.396005,0.396005,0.603995
0.660000,1.000000,1.041014,1.041597,0.604160,0.395840,0.395840,0.604160
0.662500,1.000000,1.044347,1.042950,0.604295,0.395705,0.395705,0.604295
0.665000,1.000000,1.042242,1.044029,0.604403,0.395597,0.395597,0.604403
0.667500,1.000000,1.042208,1.044853,0.604485,0.395515,0.395515,0.604485
0.670000,1.000000,1.046746,1.045440,0.604544,0.395456,0.395456,0.604544
0.672500,1.000000,1.044615,1.045808,0.604581,0.395419,0.395419,0.604581
0.675000,1.000000,1.048356,1.045974,0.604597,0.395403,0.395403,0.604597
0.677500,1.000000,1.046771,1.045955,0.604595,0.395405,0.395405,0.604595
0.680000,1.000000,1.046049,1.045765,0.604576,0.395424,0.395424,0.604576
0.682500,1.000000,1.045587,1.045420,0.604542,0.395458,0.395458,0.604542
0.685000,1.000000,1.044723,1.044934,0.604493,0.395507,0.395507,0.604493
0.687500,1.000000,1.045315,1.044320,0.604432,0.395568,0.395568,0.604432
0.690000,1.000000,1.042623,1.043593,0.604359,0.395641,0.395641,0.604359
0.692500,1.000000,1.037986,1.042763,0.604276,0.395724,0.395724,0.604276
0.695000,1.000000,1.042033,1.041843,0.604184,0.395816,0.395816,0.604184
0.697500,1.000000,1.039719,1.040843,0.604084,0.395916,0.395916,0.604084
0.700000,1.000000,1.036415,1.039775,0.603977,0.396023,0.396023,0.603977
0.702500,1.000000,1.040552,1.038647,0.603865,0.396135,0.396135,0.603865
0.705000,1.000000,1.036542,1.037470,0.603747,0.396253,0.396253,0.603747
0.707500,1.000000,1.031992,1.036251,0.603625,0.396375,0.396375,0.603625
0.710000,1.000000,1.034816,1.034998,0.603500,0.396500,0.396500,0.603500
0.712500,1.000000,1.032073,1.033720,0.603372,0.396628,0.396628,0.603372
0.715000,1.000000,1.028270,1.032422,0.603242,0.396758,0.396758,0.603242
0.717500,1.000000,1.031874,1.031112,0.603111,0.396889,0.396889,0.603111
0.720000,1.000000,1.027232,1.029796,0.602980,0.397020,0.397020,0.602980
0.722500,1.000000,1.030231,1.028478,0.602848,0.397152,0.397152,0.602848
0.725000,1.000000,1.024975,1.027165,0.602716,0.397284,0.397284,0.602716
0.727500,1.000000,1.028243,1.025859,0.602586,0.397414,0.397414,0.602586
0.730000,1.000000,1.025605,1.024567,0.602457,0.397543,0.397543,0.602457
0.732500,1.000000,1.023556,1.023291,0.602329,0.397671,0.397671,0.602329
0.735000,1.000000,1.020190,1.022034,0.602203,0.397797,0.397797,0.602203
0.737500,1.000000,1.023009,1.020801,0.602080,0.397920,0.397920,0.602080
0.740000,1.000000,1.020822,1.019593,0.601959,0.398041,0.398041,0.601959
0.742500,1.000000,1.017529,1.018413,0.601841,0.398159,0.398159,0.601841
0.745000,1.000000,1.018680,1.017263,0.601726,0.398274,0.398274,0.601726
0.747500,1.000000,1.013643,1.016145,0.601615,0.398385,0.398385,0.601615
0.750000,1.000000,1.011938,1.015060,0.601506,0.398494,0.398494,0.601506
0.752500,1.000000,1.013777,1.014010,0.601401,0.398599,0.398599,0.601401
0.755000,1.000000,1.013169,1.012996,0.601300,0.398700,0.398700,0.601300
0.757500,1.000000,1.013061,1.012017,0.601202,0.398798,0.398798,0.601202
0.760000,1.000000,1.011235,1.011076,0.601108,0.398892,0.398892,0.601108
0.762500,1.000000,1.013200,1.010172,0.601017,0.398983,0.398983,0.601017
0.765000,1.000000,1.006158,1.009306,0.600931,0.399069,0.399069,0.600931
0.767500,1.000000,1.009865,1.008478,0.600848,0.399152,0.399152,0.600848
0.770000,1.000000,1.008238,1.007687,0.600769,0.399231,0.399231,0.600769
0.772500,1.000000,1.010244,1.006934,0.600693,0.399307,0.399307,0.600693
0.775000,1.000000,1.006523,1.006218,0.600622,0.399378,0.399378,0.600622
0.777500,1.000000,1.006311,1.005539,0.600554,0.399446,0.399446,0.600554
0.780000,1.000000,1.009194,1.004896,0.600490,0.399510,0.399510,0.600490
0.782500,1.000000,1.006232,1.004289,0.600429,0.399571,0.399571,0.600429
0.785000,1.000000,1.005201,1.003716,0.600372,0.399628,0.399628,0.600372
0.787500,1.000000,1.002226,1.003178,0.600318,0.399682,0.399682,0.600318
0.790000,1.000000,1.003011,1.002672,0.600267,0.399733,0.399733,0.600267
0.792500,1.000000,0.998168,1.002199,0.600220,0.399780,0.399780,0.600220
0.795000,1.000000,0.999699,1.001758,0.600176,0.399824,0.399824,0.600176
0.797500,1.000000,1.002925,1.001347,0.600135,0.399865,0.399865,0.600135
0.800000,1.000000,0.996624,1.000965,0.600097,0.399903,0.399903,0.600097
0.802500,1.000000,1.000838,1.000612,0.600061,0.399939,0.399939,0.600061
0.805000,1.000000,1.000329,1.000286,0.600029,0.399971,0.399971,0.600029
0.807500,1.000000,1.000935,0.999986,0.599999,0.400001,0.400001,0.599999
0.810000,1.000000,0.995572,0.999711,0.599971,0.400029,0.400029,0.599971
0.812500,1.000000,0.994505,0.999461,0.599946,0.400054,0.400054,0.599946
0.815000,1.000000,1.001941,0.999233,0.599923,0.400077,0.400077,0.599923
0.817500,1.000000,0.999298,0.999028,0.599903,0.400097,0.400097,0.599903
0.820000,1.000000,0.999844,0.998843,0.599884,0.400116,0.400116,0.599884
0.822500,1.000000,1.002623,0.998678,0.599868,0.400132,0.400132,0.599868
0.825000,1.000000,0.998956,0.998532,0.599853,0.400147,0.400147,0.599853
0.827500,1.000000,0.993611,0.998403,0.599840,0.400160,0.400160,0.599840
0.830000,1.000000,0.997530,0.998292,0.599829,0.400171,0.400171,0.599829
0.832500,1.000000,1.000193,0.998196,0.599820,0.400180,0.400180,0.599820
0.835000,1.000000,0.997077,0.998115,0.599811,0.400189,0.400189,0.599811
0.837500,1.000000,0.997308,0.998047,0.599805,0.400195,0.400195,0.599805
0.840000,1.000000,0.996525,0.997993,0.599799,0.400201,0.400201,0.599799
0.842500,1.000000,1.001532,0.997951,0.599795,0.400205,0.400205,0.599795
0.845000,1.000000,1.000953,0.997919,0.599792,0.400208,0.400208,0.599792
0.847500,1.000000,0.993483,0.997899,0.599790,0.400210,0.400210,0.599790
0.850000,1.000000,1.002534,0.997888,0.599789,0.400211,0.400211,0.599789
0.852500,1.000000,0.995997,0.997885,0.599789,0.400211,0.400211,0.599789
0.855000,1.000000,1.002839,0.997891,0.599789,0.400211,0.400211,0.599789
0.857500,1.000000,0.994698,0.997904,0.599790,0.400210,0.400210,0.599790
0.860000,1.000000,1.000612,0.997924,0.599792,0.400208,0.400208,0.599792
0.862500,1.000000,0.996568,0.997950,0.599795,0.400205,0.400205,0.599795
0.865000,1.000000,0.997602,0.997982,0.599798,0.400202,0.400202,0.599798
0.867500,1.000000,1.000174,0.998018,0.599802,0.400198,0.400198,0.599802
0.870000,1.000000,0.996254,0.998059,0.599806,0.400194,0.400194,0.599806
0.872500,1.000000,0.998873,0.998104,0.599810,0.400190,0.400190,0.599810
0.875000,1.000000,0.998902,0.998152,0.599815,0.400185,0.400185,0.599815
0.877500,1.000000,1.001109,0.998202,0.599820,0.400180,0.400180,0.599820
0.880000,1.000000,1.001590,0.998256,0.599826,0.400174,0.400174,0.599826
0.882500,1.000000,1.002896,0.998311,0.599831,0.400169,0.400169,0.599831
0.885000,1.000000,0.999110,0.998368,0.599837,0.400163,0.400163,0.599837
0.887500,1.000000,0.999424,0.998427,0.599843,0.400157,0.400157,0.599843
0.890000,1.000000,0.997098,0.998486,0.599849,0.400151,0.400151,0.599849
0.892500,1.000000,0.996675,0.998546,0.599855,0.400145,0.400145,0.599855
0.895000,1.000000,0.995383,0.998606,0.599861,0.400139,0.400139,0.599861
0.897500,1.000000,0.998115,0.998667,0.599867,0.400133,0.400133,0.599867
0.900000,1.000000,0.999109,0.998727,0.599873,0.400127,0.400127,0.599873
0.902500,1.000000,0.998837,0.998788,0.599879,0.400121,0.400121,0.599879
0.905000,1.000000,1.000246,0.998847,0.599885,0.400115,0.400115,0.599885
0.907500,1.000000,0.995597,0.998906,0.599891,0.400109,0.400109,0.599891
0.910000,1.000000,1.003192,0.998965,0.599896,0.400104,0.400104,0.599896
0.912500,1.000000,0.999771,0.999022,0.599902,0.400098,0.400098,0.599902
0.915000,1.000000,1.001745,0.999078,0.599908,0.400092,0.400092,0.599908
0.917500,1.000000,0.999975,0.999132,0.599913,0.400087,0.400087,0.599913
0.920000,1.000000,0.997047,0.999186,0.599919,0.400081,0.400081,0.599919
0.922500,1.000000,0.998443,0.999238,0.599924,0.400076,0.400076,0.599924
0.925000,1.000000,0.991241,0.999288,0.599929,0.400071,0.400071,0.599929
0.927500,1.000000,0.999859,0.999337,0.599934,0.400066,0.400066,0.599934
0.930000,1.000000,0.999215,0.999385,0.599938,0.400062,0.400062,0.599938
0.932500,1.000000,1.002390,0.999430,0.599943,0.400057,0.400057,0.599943
0.935000,1.000000,0.995190,0.999474,0.599947,0.400053,0.400053,0.599947
0.937500,1.000000,0.999325,0.999516,0.599952,0.400048,0.400048,0.599952
0.940000,1.000000,0.998812,0.999557,0.599956,0.400044,0.400044,0.599956
0.942500,1.000000,0.996513,0.999596,0.599960,0.400040,0.400040,0.599960
0.945000,1.000000,0.996050,0.999633,0.599963,0.400037,0.400037,0.599963
0.947500,1.000000,0.996800,0.999668,0.599967,0.400033,0.400033,0.599967
0.950000,1.000000,1.002102,0.999702,0.599970,0.400030,0.400030,0.599970
0.952500,1.000000,1.002138,0.999733,0.599973,0.400027,0.400027,0.599973
0.955000,1.000000,0.996250,0.999764,0.599976,0.400024,0.400024,0.599976
0.957500,1.000000,0.999385,0.999792,0.599979,0.400021,0.400021,0.599979
0.960000,1.000000,1.000974,0.999819,0.599982,0.400018,0.400018,0.599982
0.962500,1.000000,1.000639,0.999844,0.599984,0.400016,0.400016,0.599984
0.965000,1.000000,0.996163,0.999868,0.599987,0.400013,0.400013,0.599987
0.967500,1.000000,0.998423,0.999891,0.599989,0.400011,0.400011,0.599989
0.970000,1.000000,0.996408,0.999911,0.599991,0.400009,0.400009,0.599991
0.972500,1.000000,1.002411,0.999931,0.599993,0.400007,0.400007,0.599993
0.975000,1.000000,1.006282,0.999949,0.599995,0.400005,0.400005,0.599995
0.977500,1.000000,0.999844,0.999966,0.599997,0.400003,0.400003,0.599997
0.980000,1.000000,0.994746,0.999981,0.599998,0.400002,0.400002,0.599998
0.982500,1.000000,1.001993,0.999995,0.600000,0.400000,0.400000,0.600000
0.985000,1.000000,1.003807,1.000009,0.600001,0.399999,0.399999,0.600001
0.987500,1.000000,1.003628,1.000020,0.600002,0.399998,0.399998,0.600002
0.990000,1.000000,1.000433,1.000031,0.600003,0.399997,0.399997,0.600003
0.992500,1.000000,1.001334,1.000041,0.600004,0.399996,0.399996,0.600004
0.995000,1.000000,1.000281,1.000050,0.600005,0.399995,0.399995,0.600005
0.997500,1.000000,1.001816,1.000058,0.600006,0.399994,0.399994,0.600006
1.000000,1.000000,1.002362,1.000065,0.600007,0.399993,0.399993,0.600007
1.002500,1.000000,0.998233,1.000071,0.600007,0.399993,0.399993,0.600007
1.005000,1.000000,0.998646,1.000077,0.600008,0.399992,0.399992,0.600008
1.007500,1.000000,0.999248,1.000081,0.600008,0.399992,0.399992,0.600008
1.010000,1.000000,0.999523,1.000085,0.600009,0.399991,0.399991,0.600009
1.012500,1.000000,1.000557,1.000089,0.600009,0.399991,0.399991,0.600009
1.015000,1.000000,1.002821,1.000091,0.600009,0.399991,0.399991,0.600009
1.017500,1.000000,0.996906,1.000094,0.600009,0.399991,0.399991,0.600009
1.020000,1.000000,1.002336,1.000095,0.600010,0.399990,0.399990,0.600010
1.022500,1.000000,0.999616,1.000096,0.600010,0.399990,0.399990,0.600010
1.025000,1.000000,0.993104,1.000097,0.600010,0.399990,0.399990,0.600010
1.027500,1.000000,0.999124,1.000097,0.600010,0.399990,0.399990,0.600010
1.030000,1.000000,0.999431,1.000097,0.600010,0.399990,0.399990,0.600010
1.032500,1.000000,1.001434,1.000097,0.600010,0.399990,0.399990,0.600010
1.035000,1.000000,1.001534,1.000096,0.600010,0.399990,0.399990,0.600010
1.037500,1.000000,1.000079,1.000095,0.600009,0.399991,0.399991,0.600009
1.040000,1.000000,0.998106,1.000093,0.600009,0.399991,0.399991,0.600009
1.042500,1.000000,1.002417,1.000092,0.600009,0.399991,0.399991,0.600009
1.045000,1.000000,0.998438,1.000090,0.600009,0.399991,0.399991,0.600009
1.047500,1.000000,0.997188,1.000088,0.600009,0.399991,0.399991,0.600009
1.050000,1.000000,0.998521,1.000086,0.600009,0.399991,0.399991,0.600009
1.052500,1.000000,0.998769,1.000084,0.600008,0.399992,0.399992,0.600008
1.055000,1.000000,0.999803,1.000081,0.600008,0.399992,0.399992,0.600008
1.057500,1.000000,0.998986,1.000079,0.600008,0.399992,0.399992,0.600008
1.060000,1.000000,0.999187,1.000076,0.600008,0.399992,0.399992,0.600008
1.062500,1.000000,1.001883,1.000073,0.600007,0.399993,0.399993,0.600007
1.065000,1.000000,1.002014,1.000071,0.600007,0.399993,0.399993,0.600007
1.067500,1.000000,1.001368,1.000068,0.600007,0.399993,0.399993,0.600007
1.070000,1.000000,0.999310,1.000065,0.600007,0.399993,0.399993,0.600007
1.072500,1.000000,0.998434,1.000062,0.600006,0.399994,0.399994,0.600006
1.075000,1.000000,0.999494,1.000060,0.600006,0.399994,0.399994,0.600006
1.077500,1.000000,0.999699,1.000057,0.600006,0.399994,0.399994,0.600006
1.080000,1.000000,1.002107,1.000054,0.600005,0.399995,0.399995,0.600005
1.082500,1.000000,0.999368,1.000051,0.600005,0.399995,0.399995,0.600005
1.085000,1.000000,0.997109,1.000049,0.600005,0.399995,0.399995,0.600005
1.087500,1.000000,0.998003,1.000046,0.600005,0.399995,0.399995,0.600005
1.090000,1.000000,1.004348,1.000043,0.600004,0.399996,0.399996,0.600004
1.092500,1.000000,0.997765,1.000041,0.600004,0.399996,0.399996,0.600004
1.095000,1.000000,0.996955,1.000038,0.600004,0.399996,0.399996,0.600004
1.097500,1.000000,0.999324,1.000036,0.600004,0.399996,0.399996,0.600004
1.100000,1.000000,1.004331,1.000034,0.600003,0.399997,0.399997,0.600003
1.102500,1.000000,1.000267,1.000031,0.600003,0.399997,0.399997,0.600003
1.105000,1.000000,1.000743,1.000029,0.600003,0.399997,0.399997,0.600003
1.107500,1.000000,0.996180,1.000027,0.600003,0.399997,0.399997,0.600003
1.110000,1.000000,0.996368,1.000025,0.600002,0.399998,0.399998,0.600002
1.112500,1.000000,1.000017,1.000023,0.600002,0.399998,0.399998,0.600002
1.115000,1.000000,0.998905,1.000021,0.600002,0.399998,0.399998,0.600002
1.117500,1.000000,1.000970,1.000019,0.600002,0.399998,0.399998,0.600002
1.120000,1.000000,0.997328,1.000018,0.600002,0.399998,0.399998,0.600002
1.122500,1.000000,1.002585,1.000016,0.600002,0.399998,0.399998,0.600002
1.125000,1.000000,1.003327,1.000014,0.600001,0.399999,0.399999,0.600001
1.127500,1.000000,0.996238,1.000013,0.600001,0.399999,0.399999,0.600001
1.130000,1.000000,1.000610,1.000011,0.600001,0.399999,0.399999,0.600001
1.132500,1.000000,0.999329,1.000010,0.600001,0.399999,0.399999,0.600001
1.135000,1.000000,1.003529,1.000009,0.600001,0.399999,0.399999,0.600001
1.137500,1.000000,1.000559,1.000008,0.600001,0.399999,0.399999,0.600001
1.140000,1.000000,1.002332,1.000006,0.600001,0.399999,0.399999,0.600001
1.142500,1.000000,0.999819,1.000005,0.600001,0.399999,0.399999,0.600001
1.145000,1.000000,1.000771,1.000004,0.600000,0.400000,0.400000,0.600000
1.147500,1.000000,1.005208,1.000004,0.600000,0.400000,0.400000,0.600000
1.150000,1.000000,1.005069,1.000003,0.600000,0.400000,0.400000,0.600000
1.152500,1.000000,0.995863,1.000002,0.600000,0.400000,0.400000,0.600000
1.155000,1.000000,1.000931,1.000001,0.600000,0.400000,0.400000,0.600000
1.157500,1.000000,1.000589,1.000000,0.600000,0.400000,0.400000,0.600000
1.160000,1.000000,0.997380,1.000000,0.600000,0.400000,0.400000,0.600000
1.162500,1.000000,0.998125,0.999999,0.600000,0.400000,0.400000,0.600000
1.165000,1.000000,1.000450,0.999999,0.600000,0.400000,0.400000,0.600000
1.167500,1.000000,1.002331,0.999998,0.600000,0.400000,0.400000,0.600000
1.170000,1.000000,1.001274,0.999998,0.600000,0.400000,0.400000,0.600000
1.172500,1.000000,0.998976,0.999997,0.600000,0.400000,0.400000,0.600000
1.175000,1.000000,0.997408,0.999997,0.600000,0.400000,0.400000,0.600000
1.177500,1.000000,0.994889,0.999997,0.600000,0.400000,0.400000,0.600000
1.180000,1.000000,1.003754,0.999997,0.600000,0.400000,0.400000,0.600000
1.182500,1.000000,0.998638,0.999996,0.600000,0.400000,0.400000,0.600000
1.185000,1.000000,0.997899,0.999996,0.600000,0.400000,0.400000,0.600000
1.187500,1.000000,1.000820,0.999996,0.600000,0.400000,0.400000,0.600000
1.190000,1.000000,0.999786,0.999996,0.600000,0.400000,0.400000,0.600000
1.192500,1.000000,0.999955,0.999996,0.600000,0.400000,0.400000,0.600000
1.195000,1.000000,1.001599,0.999996,0.600000,0.400000,0.400000,0.600000
1.197500,1.000000,0.998809,0.999996,0.600000,0.400000,0.400000,0.600000
1.200000,1.000000,0.997415,0.999996,0.600000,0.400000,0.400000,0.600000
1.202500,1.000000,0.999648,0.999996,0.600000,0.400000,0.400000,0.600000
1.205000,1.000000,1.000156,0.999996,0.600000,0.400000,0.400000,0.600000
1.207500,1.000000,0.997340,0.999996,0.600000,0.400000,0.400000,0.600000
1.210000,1.000000,0.997299,0.999996,0.600000,0.400000,0.400000,0.600000
1.212500,1.000000,0.997440,0.999996,0.600000,0.400000,0.400000,0.600000
1.215000,1.000000,1.001986,0.999996,0.600000,0.400000,0.400000,0.600000
1.217500,1.000000,1.003374,0.999996,0.600000,0.400000,0.400000,0.600000
1.220000,1.000000,1.003103,0.999996,0.600000,0.400000,0.400000,0.600000
1.222500,1.000000,0.997768,0.999996,0.600000,0.400000,0.400000,0.600000
1.225000,1.000000,0.998303,0.999996,0.600000,0.400000,0.400000,0.600000
1.227500,1.000000,0.996880,0.999996,0.600000,0.400000,0.400000,0.600000
1.230000,1.000000,1.004478,0.999996,0.600000,0.400000,0.400000,0.600000
1.232500,1.000000,0.998815,0.999996,0.600000,0.400000,0.400000,0.600000
1.235000,1.000000,0.999905,0.999996,0.600000,0.400000,0.400000,0.600000
1.237500,1.000000,0.998835,0.999997,0.600000,0.400000,0.400000,0.600000
1.240000,1.000000,1.000405,0.999997,0.600000,0.400000,0.400000,0.600000
1.242500,1.000000,0.997438,0.999997,0.600000,0.400000,0.400000,0.600000
1.245000,1.000000,0.998483,0.999997,0.600000,0.400000,0.400000,0.600000
1.247500,1.000000,0.997772,0.999997,0.600000,0.400000,0.400000,0.600000
1.250000,1.000000,0.994226,0.999997,0.600000,0.400000,0.400000,0.600000
1.252500,1.000000,1.000618,0.999997,0.600000,0.400000,0.400000,0.600000
1.255000,1.000000,1.001798,0.999997,0.600000,0.400000,0.400000,0.600000
1.257500,1.000000,1.002364,0.999998,0.600000,0.400000,0.400000,0.600000
1.260000,1.000000,1.003802,0.999998,0.600000,0.400000,0.400000,0.600000
1.262500,1.000000,1.002315,0.999998,0.600000,0.400000,0.400000,0.600000
1.265000,1.000000,0.999822,0.999998,0.600000,0.400000,0.400000,0.600000
1.267500,1.000000,1.001323,0.999998,0.600000,0.400000,0.400000,0.600000
1.270000,1.000000,0.998702,0.999998,0.600000,0.400000,0.400000,0.600000
1.272500,1.000000,1.001932,0.999998,0.600000,0.400000,0.400000,0.600000
1.275000,1.000000,0.999297,0.999998,0.600000,0.400000,0.400000,0.600000
1.277500,1.000000,0.994325,0.999999,0.600000,0.400000,0.400000,0.600000
1.280000,1.000000,0.999922,0.999999,0.600000,0.400000,0.400000,0.600000
1.282500,1.000000,1.000148,0.999999,0.600000,0.400000,0.400000,0.600000
1.285000,1.000000,0.997132,0.999999,0.600000,0.400000,0.400000,0.600000
1.287500,1.000000,1.001156,0.999999,0.600000,0.400000,0.400000,0.600000
1.290000,1.000000,1.002895,0.999999,0.600000,0.400000,0.400000,0.600000
1.292500,1.000000,0.997178,0.999999,0.600000,0.400000,0.400000,0.600000
1.295000,1.000000,1.001844,0.999999,0.600000,0.400000,0.400000,0.600000
1.297500,1.000000,1.002116,0.999999,0.600000,0.400000,0.400000,0.600000
1.300000,1.000000,0.997680,0.999999,0.600000,0.400000,0.400000,0.600000
1.302500,1.000000,0.998918,0.999999,0.600000,0.400000,0.400000,0.600000
1.305000,1.000000,0.997332,0.999999,0.600000,0.400000,0.400000,0.600000
1.307500,1.000000,0.998587,1.000000,0.600000,0.400000,0.400000,0.600000
1.310000,1.000000,0.999878,1.000000,0.600000,0.400000,0.400000,0.600000
1.312500,1.000000,1.002845,1.000000,0.600000,0.400000,0.400000,0.600000
1.315000,1.000000,0.998441,1.000000,0.600000,0.400000,0.400000,0.600000
1.317500,1.000000,0.996206,1.000000,0.600000,0.400000,0.400000,0.600000
1.320000,1.000000,0.992327,1.000000,0.600000,0.400000,0.400000,0.600000
1.322500,1.000000,0.998366,1.000000,0.600000,0.400000,0.400000,0.600000
1.325000,1.000000,0.996795,1.000000,0.600000,0.400000,0.400000,0.600000
1.327500,1.000000,1.000453,1.000000,0.600000,0.400000,0.400000,0.600000
1.330000,1.000000,1.000560,1.000000,0.600000,0.400000,0.400000,0.600000
1.332500,1.000000,0.996128,1.000000,0.600000,0.400000,0.400000,0.600000
1.335000,1.000000,1.000884,1.000000,0.600000,0.400000,0.400000,0.600000
1.337500,1.000000,0.999484,1.000000,0.600000,0.400000,0.400000,0.600000
1.340000,1.000000,0.999382,1.000000,0.600000,0.400000,0.400000,0.600000
1.342500,1.000000,0.998730,1.000000,0.600000,0.400000,0.400000,0.600000
1.345000,1.000000,1.002343,1.000000,0.600000,0.400000,0.400000,0.600000
1.347500,1.000000,1.001451,1.000000,0.600000,0.400000,0.400000,0.600000
1.350000,1.000000,1.000457,1.000000,0.600000,0.400000,0.400000,0.600000
1.352500,1.000000,1.002808,1.000000,0.600000,0.400000,0.400000,0.600000
1.355000,1.000000,1.000085,1.000000,0.600000,0.400000,0.400000,0.600000
1.357500,1.000000,1.000339,1.000000,0.600000,0.400000,0.400000,0.600000
1.360000,1.000000,1.001306,1.000000,0.600000,0.400000,0.400000,0.600000
1.362500,1.000000,0.999340,1.000000,0.600000,0.400000,0.400000,0.600000
1.365000,1.000000,0.997067,1.000000,0.600000,0.400000,0.400000,0.600000
1.367500,1.000000,1.004301,1.000000,0.600000,0.400000,0.400000,0.600000
1.370000,1.000000,1.002301,1.000000,0.600000,0.400000,0.400000,0.600000
1.372500,1.000000,0.996830,1.000000,0.600000,0.400000,0.400000,0.600000
1.375000,1.000000,0.997601,1.000000,0.600000,0.400000,0.400000,0.600000
1.377500,1.000000,0.997400,1.000000,0.600000,0.400000,0.400000,0.600000
1.380000,1.000000,0.996282,1.000000,0.600000,0.400000,0.400000,0.600000
1.382500,1.000000,1.000884,1.000000,0.600000,0.400000,0.400000,0.600000
1.385000,1.000000,1.003665,1.000000,0.600000,0.400000,0.400000,0.600000
1.387500,1.000000,1.000945,1.000000,0.600000,0.400000,0.400000,0.600000
1.390000,1.000000,1.003805,1.000000,0.600000,0.400000,0.400000,0.600000
1.392500,1.000000,0.998980,1.000000,0.600000,0.400000,0.400000,0.600000
1.395000,1.000000,1.000642,1.000000,0.600000,0.400000,0.400000,0.600000
1.397500,1.000000,0.997739,1.000000,0.600000,0.400000,0.400000,0.600000
1.400000,1.000000,1.000053,1.000000,0.600000,0.400000,0.400000,0.600000
1.402500,1.000000,1.002621,1.000000,0.600000,0.400000,0.400000,0.600000
1.405000,1.000000,1.001741,1.000000,0.600000,0.400000,0.400000,0.600000
1.407500,1.000000,1.002490,1.000000,0.600000,0.400000,0.400000,0.600000
1.410000,1.000000,0.999005,1.000000,0.600000,0.400000,0.400000,0.600000
1.412500,1.000000,1.002227,1.000000,0.600000,0.400000,0.400000,0.600000
1.415000,1.000000,1.003539,1.000000,0.600000,0.400000,0.400000,0.600000
1.417500,1.000000,1.001375,1.000000,0.600000,0.400000,0.400000,0.600000
1.420000,1.000000,0.996608,1.000000,0.600000,0.400000,0.400000,0.600000
1.422500,1.000000,1.000689,1.000000,0.600000,0.400000,0.400000,0.600000
1.425000,1.000000,1.000596,1.000000,0.600000,0.400000,0.400000,0.600000
1.427500,1.000000,0.998360,1.000000,0.600000,0.400000,0.400000,0.600000
1.430000,1.000000,0.997485,1.000000,0.600000,0.400000,0.400000,0.600000
1.432500,1.000000,0.998018,1.000000,0.600000,0.400000,0.400000,0.600000
1.435000,1.000000,1.002803,1.000000,0.600000,0.400000,0.400000,0.600000
1.437500,1.000000,1.000325,1.000000,0.600000,0.400000,0.400000,0.600000
1.440000,1.000000,1.004077,1.000000,0.600000,0.400000,0.400000,0.600000
1.442500,1.000000,0.995615,1.000000,0.600000,0.400000,0.400000,0.600000
1.445000,1.000000,1.001031,1.000000,0.600000,0.400000,0.400000,0.600000
1.447500,1.000000,1.003904,1.000000,0.600000,0.400000,0.400000,0.600000
1.450000,1.000000,1.004469,1.000000,0.600000,0.400000,0.400000,0.600000
1.452500,1.000000,0.998685,1.000000,0.600000,0.400000,0.400000,0.600000
1.455000,1.000000,1.003883,1.000000,0.600000,0.400000,0.400000,0.600000
1.457500,1.000000,1.002669,1.000000,0.600000,0.400000,0.400000,0.600000
1.460000,1.000000,1.002885,1.000000,0.600000,0.400000,0.400000,0.600000
1.462500,1.000000,1.000522,1.000000,0.600000,0.400000,0.400000,0.600000
1.465000,1.000000,1.002465,1.000000,0.600000,0.400000,0.400000,0.600000
1.467500,1.000000,1.002233,1.000000,0.600000,0.400000,0.400000,0.600000
1.470000,1.000000,0.998530,1.000000,0.600000,0.400000,0.400000,0.600000
1.472500,1.000000,0.993407,1.000000,0.600000,0.400000,0.400000,0.600000
1.475000,1.000000,1.002787,1.000000,0.600000,0.400000,0.400000,0.600000
1.477500,1.000000,1.002603,1.000000,0.600000,0.400000,0.400000,0.600000
1.480000,1.000000,1.001836,1.000000,0.600000,0.400000,0.400000,0.600000
1.482500,1.000000,0.999038,1.000000,0.600000,0.400000,0.400000,0.600000
1.485000,1.000000,0.999034,1.000000,0.600000,0.400000,0.400000,0.600000
1.487500,1.000000,0.996185,1.000000,0.600000,0.400000,0.400000,0.600000
1.490000,1.000000,1.003986,1.000000,0.600000,0.400000,0.400000,0.600000
1.492500,1.000000,0.999822,1.000000,0.600000,0.400000,0.400000,0.600000
1.495000,1.000000,1.002089,1.000000,0.600000,0.400000,0.400000,0.600000
1.497500,1.000000,0.999183,1.000000,0.600000,0.400000,0.400000,0.600000
1.500000,1.000000,0.994297,1.000000,0.600000,0.400000,0.400000,0.600000
1.502500,1.000000,1.001973,1.000000,0.600000,0.400000,0.400000,0.600000
1.505000,1.000000,1.003010,1.000000,0.600000,0.400000,0.400000,0.600000
1.507500,1.000000,1.004582,1.000000,0.600000,0.400000,0.400000,0.600000
1.510000,1.000000,0.999771,1.000000,0.600000,0.400000,0.400000,0.600000
1.512500,1.000000,0.998881,1.000000,0.600000,0.400000,0.400000,0.600000
1.515000,1.000000,1.000418,1.000000,0.600000,0.400000,0.400000,0.600000
1.517500,1.000000,0.997507,1.000000,0.600000,0.400000,0.400000,0.600000
1.520000,1.000000,0.997907,1.000000,0.600000,0.400000,0.400000,0.600000
1.522500,1.000000,1.001536,1.000000,0.600000,0.400000,0.400000,0.600000
1.525000,1.000000,0.999467,1.000000,0.600000,0.400000,0.400000,0.600000
1.527500,1.000000,0.998745,1.000000,0.600000,0.400000,0.400000,0.600000
1.530000,1.000000,1.000985,1.000000,0.600000,0.400000,0.400000,0.600000
1.532500,1.000000,0.999182,1.000000,0.600000,0.400000,0.400000,0.600000
1.535000,1.000000,1.005907,1.000000,0.600000,0.400000,0.400000,0.600000
1.537500,1.000000,0.999315,1.000000,0.600000,0.400000,0.400000,0.600000
1.540000,1.000000,1.003814,1.000000,0.600000,0.400000,0.400000,0.600000
1.542500,1.000000,1.001735,1.000000,0.600000,0.400000,0.400000,0.600000
1.545000,1.000000,1.002400,1.000000,0.600000,0.400000,0.400000,0.600000
1.547500,1.000000,1.000897,1.000000,0.600000,0.400000,0.400000,0.600000
1.550000,1.000000,0.999664,1.000000,0.600000,0.400000,0.400000,0.600000
1.552500,1.000000,1.000026,1.000000,0.600000,0.400000,0.400000,0.600000
1.555000,1.000000,0.998548,1.000000,0.600000,0.400000,0.400000,0.600000
1.557500,1.000000,1.000928,1.000000,0.600000,0.400000,0.400000,0.600000
1.560000,1.000000,1.002389,1.000000,0.600000,0.400000,0.400000,0.600000
1.562500,1.000000,0.994074,1.000000,0.600000,0.400000,0.400000,0.600000
1.565000,1.000000,0.996923,1.000000,0.600000,0.400000,0.400000,0.600000
1.567500,1.000000,0.997090,1.000000,0.600000,0.400000,0.400000,0.600000
1.570000,1.000000,1.001594,1.000000,0.600000,0.400000,0.400000,0.600000
1.572500,1.000000,1.001527,1.000000,0.600000,0.400000,0.400000,0.600000
1.575000,1.000000,0.998993,1.000000,0.600000,0.400000,0.400000,0.600000
1.577500,1.000000,1.003672,1.000000,0.600000,0.400000,0.400000,0.600000
1.580000,1.000000,0.999072,1.000000,0.600000,0.400000,0.400000,0.600000
1.582500,1.000000,1.001316,1.000000,0.600000,0.400000,0.400000,0.600000
1.585000,1.000000,1.001943,1.000000,0.600000,0.400000,0.400000,0.600000
1.587500,1.000000,0.999600,1.000000,0.600000,0.400000,0.400000,0.600000
1.590000,1.000000,1.002533,1.000000,0.600000,0.400000,0.400000,0.600000
1.592500,1.000000,0.999090,1.000000,0.600000,0.400000,0.400000,0.600000
1.595000,1.000000,0.999944,1.000000,0.600000,0.400000,0.400000,0.600000
1.597500,1.000000,1.000261,1.000000,0.600000,0.400000,0.400000,0.600000
1.600000,1.000000,1.001834,1.000000,0.600000,0.400000,0.400000,0.600000
1.602500,1.000000,1.003497,1.000000,0.600000,0.400000,0.400000,0.600000
1.605000,1.000000,0.998136,1.000000,0.600000,0.400000,0.400000,0.600000
1.607500,1.000000,0.996619,1.000000,0.600000,0.400000,0.400000,0.600000
1.610000,1.000000,1.001608,1.000000,0.600000,0.400000,0.400000,0.600000
1.612500,1.000000,0.994871,1.000000,0.600000,0.400000,0.400000,0.600000
1.615000,1.000000,1.000111,1.000000,0.600000,0.400000,0.400000,0.600000
1.617500,1.000000,1.001402,1.000000,0.600000,0.400000,0.400000,0.600000
1.620000,1.000000,0.995708,1.000000,0.600000,0.400000,0.400000,0.600000
1.622500,1.000000,0.997937,1.000000,0.600000,0.400000,0.400000,0.600000
1.625000,1.000000,0.999236,1.000000,0.600000,0.400000,0.400000,0.600000
1.627500,1.000000,0.999703,1.000000,0.600000,0.400000,0.400000,0.600000
1.630000,1.000000,0.999981,1.000000,0.600000,0.400000,0.400000,0.600000
1.632500,1.000000,1.000965,1.000000,0.600000,0.400000,0.400000,0.600000
1.635000,1.000000,1.001680,1.000000,0.600000,0.400000,0.400000,0.600000
1.637500,1.000000,0.996132,1.000000,0.600000,0.400000,0.400000,0.600000
1.640000,1.000000,1.003036,1.000000,0.600000,0.400000,0.400000,0.600000
1.642500,1.000000,0.999291,1.000000,0.600000,0.400000,0.400000,0.600000
1.645000,1.000000,0.998973,1.000000,0.600000,0.400000,0.400000,0.600000
1.647500,1.000000,1.002705,1.000000,0.600000,0.400000,0.400000,0.600000
1.650000,1.000000,0.998679,1.000000,0.600000,0.400000,0.400000,0.600000
1.652500,1.000000,0.997854,1.000000,0.600000,0.400000,0.400000,0.600000
1.655000,1.000000,0.995387,1.000000,0.600000,0.400000,0.400000,0.600000
1.657500,1.000000,1.003069,1.000000,0.600000,0.400000,0.400000,0.600000
1.660000,1.000000,0.995641,1.000000,0.600000,0.400000,0.400000,0.600000
1.662500,1.000000,0.996784,1.000000,0.600000,0.400000,0.400000,0.600000
1.665000,1.000000,0.994804,1.000000,0.600000,0.400000,0.400000,0.600000
1.667500,1.000000,0.999023,1.000000,0.600000,0.400000,0.400000,0.600000
1.670000,1.000000,0.995439,1.000000,0.600000,0.400000,0.400000,0.600000
1.672500,1.000000,1.002861,1.000000,0.600000,0.400000,0.400000,0.600000
1.675000,1.000000,0.998320,1.000000,0.600000,0.400000,0.400000,0.600000
1.677500,1.000000,0.997150,1.000000,0.600000,0.400000,0.400000,0.600000
1.680000,1.000000,1.000919,1.000000,0.600000,0.400000,0.400000,0.600000
1.682500,1.000000,0.997370,1.000000,0.600000,0.400000,0.400000,0.600000
1.685000,1.000000,0.999692,1.000000,0.600000,0.400000,0.400000,0.600000
1.687500,1.000000,1.002220,1.000000,0.600000,0.400000,0.400000,0.600000
1.690000,1.000000,0.998037,1.000000,0.600000,0.400000,0.400000,0.600000
1.692500,1.000000,0.999094,1.000000,0.600000,0.400000,0.400000,0.600000
1.695000,1.000000,0.998193,1.000000,0.600000,0.400000,0.400000,0.600000
1.697500,1.000000,0.999238,1.000000,0.600000,0.400000,0.400000,0.600000
1.700000,1.000000,1.007462,1.000000,0.600000,0.400000,0.400000,0.600000
1.702500,1.000000,0.994798,1.000000,0.600000,0.400000,0.400000,0.600000
1.705000,1.000000,1.002228,1.000000,0.600000,0.400000,0.400000,0.600000
1.707500,1.000000,1.000143,1.000000,0.600000,0.400000,0.400000,0.600000
1.710000,1.000000,0.998301,1.000000,0.600000,0.400000,0.400000,0.600000
1.712500,1.000000,1.002482,1.000000,0.600000,0.400000,0.400000,0.600000
1.715000,1.000000,1.003052,1.000000,0.600000,0.400000,0.400000,0.600000
1.717500,1.000000,0.997806,1.000000,0.600000,0.400000,0.400000,0.600000
1.720000,1.000000,0.999787,1.000000,0.600000,0.400000,0.400000,0.600000
1.722500,1.000000,0.998513,1.000000,0.600000,0.400000,0.400000,0.600000
1.725000,1.000000,1.001103,1.000000,0.600000,0.400000,0.400000,0.600000
1.727500,1.000000,1.000439,1.000000,0.600000,0.400000,0.400000,0.600000
1.730000,1.000000,0.999959,1.000000,0.600000,0.400000,0.400000,0.600000
1.732500,1.000000,1.001054,1.000000,0.600000,0.400000,0.400000,0.600000
1.735000,1.000000,1.001250,1.000000,0.600000,0.400000,0.400000,0.600000
1.737500,1.000000,1.003630,1.000000,0.600000,0.400000,0.400000,0.600000
1.740000,1.000000,0.997900,1.000000,0.600000,0.400000,0.400000,0.600000
1.742500,1.000000,0.999844,1.000000,0.600000,0.400000,0.400000,0.600000
1.745000,1.000000,1.005978,1.000000,0.600000,0.400000,0.400000,0.600000
1.747500,1.000000,0.998450,1.000000,0.600000,0.400000,0.400000,0.600000
1.750000,1.000000,1.003010,1.000000,0.600000,0.400000,0.400000,0.600000
1.752500,1.000000,0.997617,1.000000,0.600000,0.400000,0.400000,0.600000
1.755000,1.000000,1.001778,1.000000,0.600000,0.400000,0.400000,0.600000
1.757500,1.000000,0.999581,1.000000,0.600000,0.400000,0.400000,0.600000
1.760000,1.000000,1.001006,1.000000,0.600000,0.400000,0.400000,0.600000
1.762500,1.000000,0.999295,1.000000,0.600000,0.400000,0.400000,0.600000
1.765000,1.000000,1.003170,1.000000,0.600000,0.400000,0.400000,0.600000
1.767500,1.000000,0.999914,1.000000,0.600000,0.400000,0.400000,0.600000
1.770000,1.000000,0.999598,1.000000,0.600000,0.400000,0.400000,0.600000
1.772500,1.000000,1.001169,1.000000,0.600000,0.400000,0.400000,0.600000
1.775000,1.000000,0.998277,1.000000,0.600000,0.400000,0.400000,0.600000
1.777500,1.000000,0.994297,1.000000,0.600000,0.400000,0.400000,0.600000
1.780000,1.000000,0.996340,1.000000,0.600000,0.400000,0.400000,0.600000
1.782500,1.000000,0.998253,1.000000,0.600000,0.400000,0.400000,0.600000
1.785000,1.000000,1.004200,1.000000,0.600000,0.400000,0.400000,0.600000
1.787500,1.000000,1.005570,1.000000,0.600000,0.400000,0.400000,0.600000
1.790000,1.000000,0.996724,1.000000,0.600000,0.400000,0.400000,0.600000
1.792500,1.000000,1.000403,1.000000,0.600000,0.400000,0.400000,0.600000
1.795000,1.000000,0.998346,1.000000,0.600000,0.400000,0.400000,0.600000
1.797500,1.000000,1.000624,1.000000,0.600000,0.400000,0.400000,0.600000
1.800000,1.000000,0.996873,1.000000,0.600000,0.400000,0.400000,0.600000
1.802500,1.000000,1.000885,1.000000,0.600000,0.400000,0.400000,0.600000
1.805000,1.000000,0.998057,1.000000,0.600000,0.400000,0.400000,0.600000
1.807500,1.000000,0.997098,1.000000,0.600000,0.400000,0.400000,0.600000
1.810000,1.000000,0.998403,1.000000,0.600000,0.400000,0.400000,0.600000
1.812500,1.000000,0.995086,1.000000,0.600000,0.400000,0.400000,0.600000
1.815000,1.000000,1.001653,1.000000,0.600000,0.400000,0.400000,0.600000
1.817500,1.000000,0.997913,1.000000,0.600000,0.400000,0.400000,0.600000
1.820000,1.000000,1.003657,1.000000,0.600000,0.400000,0.400000,0.600000
1.822500,1.000000,1.002051,1.000000,0.600000,0.400000,0.400000,0.600000
1.825000,1.000000,1.003025,1.000000,0.600000,0.400000,0.400000,0.600000
1.827500,1.000000,0.999021,1.000000,0.600000,0.400000,0.400000,0.600000
1.830000,1.000000,1.003259,1.000000,0.600000,0.400000,0.400000,0.600000
1.832500,1.000000,1.003247,1.000000,0.600000,0.400000,0.400000,0.600000
1.835000,1.000000,0.999059,1.000000,0.600000,0.400000,0.400000,0.600000
1.837500,1.000000,1.000191,1.000000,0.600000,0.400000,0.400000,0.600000
1.840000,1.000000,1.003587,1.000000,0.600000,0.400000,0.400000,0.600000
1.842500,1.000000,1.000429,1.000000,0.600000,0.400000,0.400000,0.600000
1.845000,1.000000,0.998292,1.000000,0.600000,0.400000,0.400000,0.600000
1.847500,1.000000,1.002695,1.000000,0.600000,0.400000,0.400000,0.600000
1.850000,1.000000,1.003008,1.000000,0.600000,0.400000,0.400000,0.600000
1.852500,1.000000,0.997847,1.000000,0.600000,0.400000,0.400000,0.600000
1.855000,1.000000,1.001123,1.000000,0.600000,0.400000,0.400000,0.600000
1.857500,1.000000,1.000094,1.000000,0.600000,0.400000,0.400000,0.600000
1.860000,1.000000,1.002815,1.000000,0.600000,0.400000,0.400000,0.600000
1.862500,1.000000,0.998222,1.000000,0.600000,0.400000,0.400000,0.600000
1.865000,1.000000,1.003287,1.000000,0.600000,0.400000,0.400000,0.600000
1.867500,1.000000,1.002323,1.000000,0.600000,0.400000,0.400000,0.600000
1.870000,1.000000,0.999121,1.000000,0.600000,0.400000,0.400000,0.600000
1.872500,1.000000,0.998693,1.000000,0.600000,0.400000,0.400000,0.600000
1.875000,1.000000,0.997153,1.000000,0.600000,0.400000,0.400000,0.600000
1.877500,1.000000,1.003537,1.000000,0.600000,0.400000,0.400000,0.600000
1.880000,1.000000,0.997662,1.000000,0.600000,0.400000,0.400000,0.600000
1.882500,1.000000,0.999572,1.000000,0.600000,0.400000,0.400000,0.600000
1.885000,1.000000,1.004727,1.000000,0.600000,0.400000,0.400000,0.600000
1.887500,1.000000,1.002015,1.000000,0.600000,0.400000,0.400000,0.600000
1.890000,1.000000,1.000816,1.000000,0.600000,0.400000,0.400000,0.600000
1.892500,1.000000,1.000678,1.000000,0.600000,0.400000,0.400000,0.600000
1.895000,1.000000,0.999559,1.000000,0.600000,0.400000,0.400000,0.600000
1.897500,1.000000,0.996652,1.000000,0.600000,0.400000,0.400000,0.600000
1.900000,1.000000,1.001473,1.000000,0.600000,0.400000,0.400000,0.600000
1.902500,1.000000,0.997268,1.000000,0.600000,0.400000,0.400000,0.600000
1.905000,1.000000,1.005331,1.000000,0.600000,0.400000,0.400000,0.600000
1.907500,1.000000,0.996059,1.000000,0.600000,0.400000,0.400000,0.600000
1.910000,1.000000,0.999345,1.000000,0.600000,0.400000,0.400000,0.600000
1.912500,1.000000,1.000134,1.000000,0.600000,0.400000,0.400000,0.600000
1.915000,1.000000,0.998566,1.000000,0.600000,0.400000,0.400000,0.600000
1.917500,1.000000,1.000139,1.000000,0.600000,0.400000,0.400000,0.600000
1.920000,1.000000,1.001762,1.000000,0.600000,0.400000,0.400000,0.600000
1.922500,1.000000,1.003648,1.000000,0.600000,0.400000,0.400000,0.600000
1.925000,1.000000,1.000441,1.000000,0.600000,0.400000,0.400000,0.600000
1.927500,1.000000,1.000061,1.000000,0.600000,0.400000,0.400000,0.600000
1.930000,1.000000,1.000983,1.000000,0.600000,0.400000,0.400000,0.600000
1.932500,1.000000,1.000205,1.000000,0.600000,0.400000,0.400000,0.600000
1.935000,1.000000,0.998251,1.000000,0.600000,0.400000,0.400000,0.600000
1.937500,1.000000,1.000099,1.000000,0.600000,0.400000,0.400000,0.600000
1.940000,1.000000,1.003152,1.000000,0.600000,0.400000,0.400000,0.600000
1.942500,1.000000,1.000349,1.000000,0.600000,0.400000,0.400000,0.600000
1.945000,1.000000,1.000094,1.000000,0.600000,0.400000,0.400000,0.600000
1.947500,1.000000,0.999761,1.000000,0.600000,0.400000,0.400000,0.600000
1.950000,1.000000,1.001505,1.000000,0.600000,0.400000,0.400000,0.600000
1.952500,1.000000,1.001113,1.000000,0.600000,0.400000,0.400000,0.600000
1.955000,1.000000,1.001199,1.000000,0.600000,0.400000,0.400000,0.600000
1.957500,1.000000,0.999284,1.000000,0.600000,0.400000,0.400000,0.600000
1.960000,1.000000,0.994305,1.000000,0.600000,0.400000,0.400000,0.600000
1.962500,1.000000,0.998542,1.000000,0.600000,0.400000,0.400000,0.600000
1.965000,1.000000,0.999974,1.000000,0.600000,0.400000,0.400000,0.600000
1.967500,1.000000,0.997819,1.000000,0.600000,0.400000,0.400000,0.600000
1.970000,1.000000,1.001735,1.000000,0.600000,0.400000,0.400000,0.600000
1.972500,1.000000,0.997854,1.000000,0.600000,0.400000,0.400000,0.600000
1.975000,1.000000,0.994612,1.000000,0.600000,0.400000,0.400000,0.600000
1.977500,1.000000,1.002085,1.000000,0.600000,0.400000,0.400000,0.600000
1.980000,1.000000,0.999477,1.000000,0.600000,0.400000,0.400000,0.600000
1.982500,1.000000,1.000064,1.000000,0.600000,0.400000,0.400000,0.600000
1.985000,1.000000,0.995678,1.000000,0.600000,0.400000,0.400000,0.600000
1.987500,1.000000,0.999162,1.000000,0.600000,0.400000,0.400000,0.600000
1.990000,1.000000,0.999682,1.000000,0.600000,0.400000,0.400000,0.600000
1.992500,1.000000,1.000214,1.000000,0.600000,0.400000,0.400000,0.600000
1.995000,1.000000,1.002258,1.000000,0.600000,0.400000,0.400000,0.600000
1.997500,1.000000,0.998472,1.000000,0.600000,0.400000,0.400000,0.600000
2.000000,1.000000,0.999474,1.000000,0.600000,0.400000,0.400000,0.600000
2.002500,1.000000,1.004212,1.000000,0.600000,0.400000,0.400000,0.600000
2.005000,1.000000,0.999673,1.000000,0.600000,0.400000,0.400000,0.600000
2.007500,1.000000,1.003579,1.000000,0.600000,0.400000,0.400000,0.600000
2.010000,1.000000,0.995743,1.000000,0.600000,0.400000,0.400000,0.600000
2.012500,1.000000,0.999606,1.000000,0.600000,0.400000,0.400000,0.600000
2.015000,1.000000,1.003073,1.000000,0.600000,0.400000,0.400000,0.600000
2.017500,1.000000,1.001758,1.000000,0.600000,0.400000,0.400000,0.600000
2.020000,1.000000,1.003776,1.000000,0.600000,0.400000,0.400000,0.600000
2.022500,1.000000,0.999144,1.000000,0.600000,0.400000,0.400000,0.600000
2.025000,1.000000,1.000373,1.000000,0.600000,0.400000,0.400000,0.600000
2.027500,1.000000,0.994246,1.000000,0.600000,0.400000,0.400000,0.600000
2.030000,1.000000,0.996589,1.000000,0.600000,0.400000,0.400000,0.600000
2.032500,1.000000,1.001331,1.000000,0.600000,0.400000,0.400000,0.600000
2.035000,1.000000,0.998497,1.000000,0.600000,0.400000,0.400000,0.600000
2.037500,1.000000,1.002118,1.000000,0.600000,0.400000,0.400000,0.600000
2.040000,1.000000,0.999287,1.000000,0.600000,0.400000,0.400000,0.600000
2.042500,1.000000,1.001370,1.000000,0.600000,0.400000,0.400000,0.600000
2.045000,1.000000,0.997959,1.000000,0.600000,0.400000,0.400000,0.600000
2.047500,1.000000,0.997456,1.000000,0.600000,0.400000,0.400000,0.600000
2.050000,1.000000,1.002693,1.000000,0.600000,0.400000,0.400000,0.600000
2.052500,1.000000,1.001424,1.000000,0.600000,0.400000,0.400000,0.600000
2.055000,1.000000,1.000051,1.000000,0.600000,0.400000,0.400000,0.600000
2.057500,1.000000,1.002094,1.000000,0.600000,0.400000,0.400000,0.600000
2.060000,1.000000,1.002224,1.000000,0.600000,0.400000,0.400000,0.600000
2.062500,1.000000,1.002837,1.000000,0.600000,0.400000,0.400000,0.600000
2.065000,1.000000,0.999225,1.000000,0.600000,0.400000,0.400000,0.600000
2.067500,1.000000,0.998201,1.000000,0.600000,0.400000,0.400000,0.600000
2.070000,1.000000,1.000143,1.000000,0.600000,0.400000,0.400000,0.600000
2.072500,1.000000,1.000891,1.000000,0.600000,0.400000,0.400000,0.600000
2.075000,1.000000,0.996781,1.000000,0.600000,0.400000,0.400000,0.600000
2.077500,1.000000,0.994588,1.000000,0.600000,0.400000,0.400000,0.600000
2.080000,1.000000,1.001021,1.000000,0.600000,0.400000,0.400000,0.600000
2.082500,1.000000,1.003034,1.000000,0.600000,0.400000,0.400000,0.600000
2.085000,1.000000,1.000335,1.000000,0.600000,0.400000,0.400000,0.600000
2.087500,1.000000,0.999396,1.000000,0.600000,0.400000,0.400000,0.600000
2.090000,1.000000,1.000477,1.000000,0.600000,0.400000,0.400000,0.600000
2.092500,1.000000,1.000544,1.000000,0.600000,0.400000,0.400000,0.600000
2.095000,1.000000,0.997548,1.000000,0.600000,0.400000,0.400000,0.600000
2.097500,1.000000,1.000698,1.000000,0.600000,0.400000,0.400000,0.600000
2.100000,1.000000,1.002927,1.000000,0.600000,0.400000,0.400000,0.600000
2.102500,1.000000,1.001012,1.000000,0.600000,0.400000,0.400000,0.600000
2.105000,1.000000,0.999681,1.000000,0.600000,0.400000,0.400000,0.600000
2.107500,1.000000,1.001877,1.000000,0.600000,0.400000,0.400000,0.600000
2.110000,1.000000,1.001521,1.000000,0.600000,0.400000,0.400000,0.600000
2.112500,1.000000,0.997525,1.000000,0.600000,0.400000,0.400000,0.600000
2.115000,1.000000,1.003216,1.000000,0.600000,0.400000,0.400000,0.600000
2.117500,1.000000,1.002044,1.000000,0.600000,0.400000,0.400000,0.600000
2.120000,1.000000,1.000874,1.000000,0.600000,0.400000,0.400000,0.600000
2.122500,1.000000,1.001184,1.000000,0.600000,0.400000,0.400000,0.600000
2.125000,1.000000,1.000592,1.000000,0.600000,0.400000,0.400000,0.600000
2.127500,1.000000,0.998234,1.000000,0.600000,0.400000,0.400000,0.600000
2.130000,1.000000,1.001613,1.000000,0.600000,0.400000,0.400000,0.600000
2.132500,1.000000,1.000138,1.000000,0.600000,0.400000,0.400000,0.600000
2.135000,1.000000,1.002793,1.000000,0.600000,0.400000,0.400000,0.600000
2.137500,1.000000,0.998760,1.000000,0.600000,0.400000,0.400000,0.600000
2.140000,1.000000,0.998170,1.000000,0.600000,0.400000,0.400000,0.600000
2.142500,1.000000,0.997896,1.000000,0.600000,0.400000,0.400000,0.600000
2.145000,1.000000,1.002587,1.000000,0.600000,0.400000,0.400000,0.600000
2.147500,1.000000,0.999940,1.000000,0.600000,0.400000,0.400000,0.600000
2.150000,1.000000,0.998702,1.000000,0.600000,0.400000,0.400000,0.600000
2.152500,1.000000,0.996947,1.000000,0.600000,0.400000,0.400000,0.600000
2.155000,1.000000,1.006255,1.000000,0.600000,0.400000,0.400000,0.600000
2.157500,1.000000,1.000271,1.000000,0.600000,0.400000,0.400000,0.600000
2.160000,1.000000,0.998498,1.000000,0.600000,0.400000,0.400000,0.600000
2.162500,1.000000,0.998886,1.000000,0.600000,0.400000,0.400000,0.600000
2.165000,1.000000,1.002885,1.000000,0.600000,0.400000,0.400000,0.600000
2.167500,1.000000,0.999327,1.000000,0.600000,0.400000,0.400000,0.600000
2.170000,1.000000,0.997402,1.000000,0.600000,0.400000,0.400000,0.600000
2.172500,1.000000,0.999803,1.000000,0.600000,0.400000,0.400000,0.600000
2.175000,1.000000,1.004011,1.000000,0.600000,0.400000,0.400000,0.600000
2.177500,1.000000,1.003072,1.000000,0.600000,0.400000,0.400000,0.600000
2.180000,1.000000,1.003254,1.000000,0.600000,0.400000,0.400000,0.600000
2.182500,1.000000,0.998375,1.000000,0.600000,0.400000,0.400000,0.600000
2.185000,1.000000,0.996503,1.000000,0.600000,0.400000,0.400000,0.600000
2.187500,1.000000,0.999091,1.000000,0.600000,0.400000,0.400000,0.600000
2.190000,1.000000,0.999002,1.000000,0.600000,0.400000,0.400000,0.600000
2.192500,1.000000,1.000023,1.000000,0.600000,0.400000,0.400000,0.600000
2.195000,1.000000,1.002257,1.000000,0.600000,0.400000,0.400000,0.600000
2.197500,1.000000,0.998644,1.000000,0.600000,0.400000,0.400000,0.600000
2.200000,1.000000,0.998129,1.000000,0.600000,0.400000,0.400000,0.600000
2.202500,1.000000,0.997339,1.000000,0.600000,0.400000,0.400000,0.600000
2.205000,1.000000,1.001791,1.000000,0.600000,0.400000,0.400000,0.600000
2.207500,1.000000,1.001010,1.000000,0.600000,0.400000,0.400000,0.600000
2.210000,1.000000,1.002196,1.000000,0.600000,0.400000,0.400000,0.600000
2.212500,1.000000,0.996878,1.000000,0.600000,0.400000,0.400000,0.600000
2.215000,1.000000,0.998837,1.000000,0.600000,0.400000,0.400000,0.600000
2.217500,1.000000,1.003149,1.000000,0.600000,0.400000,0.400000,0.600000
2.220000,1.000000,1.000990,1.000000,0.600000,0.400000,0.400000,0.600000
2.222500,1.000000,1.002885,1.000000,0.600000,0.400000,0.400000,0.600000
2.225000,1.000000,1.002356,1.000000,0.600000,0.400000,0.400000,0.600000
2.227500,1.000000,1.001796,1.000000,0.600000,0.400000,0.400000,0.600000
2.230000,1.000000,0.998509,1.000000,0.600000,0.400000,0.400000,0.600000
2.232500,1.000000,0.999724,1.000000,0.600000,0.400000,0.400000,0.600000
2.235000,1.000000,1.000776,1.000000,0.600000,0.400000,0.400000,0.600000
2.237500,1.000000,1.005733,1.000000,0.600000,0.400000,0.400000,0.600000
2.240000,1.000000,1.001811,1.000000,0.600000,0.400000,0.400000,0.600000
2.242500,1.000000,0.999771,1.000000,0.600000,0.400000,0.400000,0.600000
2.245000,1.000000,1.000455,1.000000,0.600000,0.400000,0.400000,0.600000
2.247500,1.000000,1.001057,1.000000,0.600000,0.400000,0.400000,0.600000
2.250000,1.000000,0.999531,1.000000,0.600000,0.400000,0.400000,0.600000
2.252500,1.000000,1.001790,1.000000,0.600000,0.400000,0.400000,0.600000
2.255000,1.000000,1.002689,1.000000,0.600000,0.400000,0.400000,0.600000
2.257500,1.000000,1.006013,1.000000,0.600000,0.400000,0.400000,0.600000
2.260000,1.000000,1.003729,1.000000,0.600000,0.400000,0.400000,0.600000
2.262500,1.000000,1.000773,1.000000,0.600000,0.400000,0.400000,0.600000
2.265000,1.000000,0.998502,1.000000,0.600000,0.400000,0.400000,0.600000
2.267500,1.000000,0.997067,1.000000,0.600000,0.400000,0.400000,0.600000
2.270000,1.000000,1.002441,1.000000,0.600000,0.400000,0.400000,0.600000
2.272500,1.000000,1.003014,1.000000,0.600000,0.400000,0.400000,0.600000
2.275000,1.000000,1.003663,1.000000,0.600000,0.400000,0.400000,0.600000
2.277500,1.000000,1.000802,1.000000,0.600000,0.400000,0.400000,0.600000
2.280000,1.000000,1.000085,1.000000,0.600000,0.400000,0.400000,0.600000
2.282500,1.000000,0.999848,1.000000,0.600000,0.400000,0.400000,0.600000
2.285000,1.000000,1.002056,1.000000,0.600000,0.400000,0.400000,0.600000
2.287500,1.000000,0.995005,1.000000,0.600000,0.400000,0.400000,0.600000
2.290000,1.000000,0.995780,1.000000,0.600000,0.400000,0.400000,0.600000
2.292500,1.000000,0.993974,1.000000,0.600000,0.400000,0.400000,0.600000
2.295000,1.000000,0.998940,1.000000,0.600000,0.400000,0.400000,0.600000
2.297500,1.000000,0.999715,1.000000,0.600000,0.400000,0.400000,0.600000
2.300000,1.000000,1.002936,1.000000,0.600000,0.400000,0.400000,0.600000
2.302500,1.000000,1.000122,1.000000,0.600000,0.400000,0.400000,0.600000
2.305000,1.000000,1.001308,1.000000,0.600000,0.400000,0.400000,0.600000
2.307500,1.000000,0.999721,1.000000,0.600000,0.400000,0.400000,0.600000
2.310000,1.000000,0.998813,1.000000,0.600000,0.400000,0.400000,0.600000
2.312500,1.000000,0.997335,1.000000,0.600000,0.400000,0.400000,0.600000
2.315000,1.000000,1.000626,1.000000,0.600000,0.400000,0.400000,0.600000
2.317500,1.000000,0.999928,1.000000,0.600000,0.400000,0.400000,0.600000
2.320000,1.000000,0.997425,1.000000,0.600000,0.400000,0.400000,0.600000
2.322500,1.000000,0.998641,1.000000,0.600000,0.400000,0.400000,0.600000
2.325000,1.000000,0.997395,1.000000,0.600000,0.400000,0.400000,0.600000
2.327500,1.000000,0.997928,1.000000,0.600000,0.400000,0.400000,0.600000
2.330000,1.000000,1.003038,1.000000,0.600000,0.400000,0.400000,0.600000
2.332500,1.000000,1.000919,1.000000,0.600000,0.400000,0.400000,0.600000
2.335000,1.000000,1.001288,1.000000,0.600000,0.400000,0.400000,0.600000
2.337500,1.000000,0.997688,1.000000,0.600000,0.400000,0.400000,0.600000
2.340000,1.000000,0.998603,1.000000,0.600000,0.400000,0.400000,0.600000
2.342500,1.000000,1.002983,1.000000,0.600000,0.400000,0.400000,0.600000
2.345000,1.000000,0.998337,1.000000,0.600000,0.400000,0.400000,0.600000
2.347500,1.000000,0.998482,1.000000,0.600000,0.400000,0.400000,0.600000
2.350000,1.000000,1.001631,1.000000,0.600000,0.400000,0.400000,0.600000
2.352500,1.000000,1.002874,1.000000,0.600000,0.400000,0.400000,0.600000
2.355000,1.000000,1.003015,1.000000,0.600000,0.400000,0.400000,0.600000
2.357500,1.000000,1.000544,1.000000,0.600000,0.400000,0.400000,0.600000
2.360000,1.000000,0.998494,1.000000,0.600000,0.400000,0.400000,0.600000
2.362500,1.000000,1.000884,1.000000,0.600000,0.400000,0.400000,0.600000
2.365000,1.000000,1.001254,1.000000,0.600000,0.400000,0.400000,0.600000
2.367500,1.000000,0.999474,1.000000,0.600000,0.400000,0.400000,0.600000
2.370000,1.000000,0.999438,1.000000,0.600000,0.400000,0.400000,0.600000
2.372500,1.000000,1.001867,1.000000,0.600000,0.400000,0.400000,0.600000
2.375000,1.000000,1.004801,1.000000,0.600000,0.400000,0.400000,0.600000
2.377500,1.000000,0.995918,1.000000,0.600000,0.400000,0.400000,0.600000
2.380000,1.000000,1.000105,1.000000,0.600000,0.400000,0.400000,0.600000
2.382500,1.000000,0.996152,1.000000,0.600000,0.400000,0.400000,0.600000
2.385000,1.000000,1.000182,1.000000,0.600000,0.400000,0.400000,0.600000
2.387500,1.000000,0.999253,1.000000,0.600000,0.400000,0.400000,0.600000
2.390000,1.000000,1.004979,1.000000,0.600000,0.400000,0.400000,0.600000
2.392500,1.000000,1.001327,1.000000,0.600000,0.400000,0.400000,0.600000
2.395000,1.000000,0.997411,1.000000,0.600000,0.400000,0.400000,0.600000
2.397500,1.000000,1.003814,1.000000,0.600000,0.400000,0.400000,0.600000
2.400000,1.000000,0.996240,1.000000,0.600000,0.400000,0.400000,0.600000
2.402500,1.000000,1.001702,1.000000,0.600000,0.400000,0.400000,0.600000
2.405000,1.000000,1.004438,1.000000,0.600000,0.400000,0.400000,0.600000
2.407500,1.000000,1.000994,1.000000,0.600000,0.400000,0.400000,0.600000
2.410000,1.000000,1.001784,1.000000,0.600000,0.400000,0.400000,0.600000
2.412500,1.000000,1.001349,1.000000,0.600000,0.400000,0.400000,0.600000
2.415000,1.000000,0.999727,1.000000,0.600000,0.400000,0.400000,0.600000
2.417500,1.000000,1.000762,1.000000,0.600000,0.400000,0.400000,0.600000
2.420000,1.000000,0.996405,1.000000,0.600000,0.400000,0.400000,0.600000
2.422500,1.000000,1.001465,1.000000,0.600000,0.400000,0.400000,0.600000
2.425000,1.000000,0.998392,1.000000,0.600000,0.400000,0.400000,0.600000
2.427500,1.000000,1.002148,1.000000,0.600000,0.400000,0.400000,0.600000
2.430000,1.000000,0.999296,1.000000,0.600000,0.400000,0.400000,0.600000
2.432500,1.000000,0.999827,1.000000,0.600000,0.400000,0.400000,0.600000
2.435000,1.000000,0.999559,1.000000,0.600000,0.400000,0.400000,0.600000
2.437500,1.000000,0.998102,1.000000,0.600000,0.400000,0.400000,0.600000
2.440000,1.000000,1.001377,1.000000,0.600000,0.400000,0.400000,0.600000
2.442500,1.000000,0.999450,1.000000,0.600000,0.400000,0.400000,0.600000
2.445000,1.000000,0.997532,1.000000,0.600000,0.400000,0.400000,0.600000
2.447500,1.000000,0.998954,1.000000,0.600000,0.400000,0.400000,0.600000
2.450000,1.000000,0.999632,1.000000,0.600000,0.400000,0.400000,0.600000
2.452500,1.000000,1.001042,1.000000,0.600000,0.400000,0.400000,0.600000
2.455000,1.000000,1.000559,1.000000,0.600000,0.400000,0.400000,0.600000
2.457500,1.000000,0.998920,1.000000,0.600000,0.400000,0.400000,0.600000
2.460000,1.000000,1.000736,1.000000,0.600000,0.400000,0.400000,0.600000
2.462500,1.000000,1.005518,1.000000,0.600000,0.400000,0.400000,0.600000
2.465000,1.000000,0.999384,1.000000,0.600000,0.400000,0.400000,0.600000
2.467500,1.000000,0.993154,1.000000,0.600000,0.400000,0.400000,0.600000
2.470000,1.000000,0.997244,1.000000,0.600000,0.400000,0.400000,0.600000
2.472500,1.000000,0.998431,1.000000,0.600000,0.400000,0.400000,0.600000
2.475000,1.000000,1.002915,1.000000,0.600000,0.400000,0.400000,0.600000
2.477500,1.000000,1.003014,1.000000,0.600000,0.400000,0.400000,0.600000
2.480000,1.000000,0.998827,1.000000,0.600000,0.400000,0.400000,0.600000
2.482500,1.000000,1.000560,1.000000,0.600000,0.400000,0.400000,0.600000
2.485000,1.000000,0.999758,1.000000,0.600000,0.400000,0.400000,0.600000
2.487500,1.000000,0.996958,1.000000,0.600000,0.400000,0.400000,0.600000
2.490000,1.000000,1.000221,1.000000,0.600000,0.400000,0.400000,0.600000
2.492500,1.000000,1.000904,1.000000,0.600000,0.400000,0.400000,0.600000
2.495000,1.000000,0.997406,1.000000,0.600000,0.400000,0.400000,0.600000
2.497500,1.000000,1.000583,1.000000,0.600000,0.400000,0.400000,0.600000
2.500000,1.000000,1.002765,1.000000,0.600000,0.400000,0.400000,0.600000
2.502500,1.000000,0.995822,1.000000,0.600000,0.400000,0.400000,0.600000
2.505000,1.000000,1.000472,1.000000,0.600000,0.400000,0.400000,0.600000
2.507500,1.000000,1.001927,1.000000,0.600000,0.400000,0.400000,0.600000
2.510000,1.000000,1.002518,1.000000,0.600000,0.400000,0.400000,0.600000
2.512500,1.000000,0.997289,1.000000,0.600000,0.400000,0.400000,0.600000
2.515000,1.000000,0.999057,1.000000,0.600000,0.400000,0.400000,0.600000
2.517500,1.000000,1.000100,1.000000,0.600000,0.400000,0.400000,0.600000
2.520000,1.000000,1.002589,1.000000,0.600000,0.400000,0.400000,0.600000
2.522500,1.000000,1.004806,1.000000,0.600000,0.400000,0.400000,0.600000
2.525000,1.000000,1.000560,1.000000,0.600000,0.400000,0.400000,0.600000
2.527500,1.000000,1.003140,1.000000,0.600000,0.400000,0.400000,0.600000
2.530000,1.000000,0.999577,1.000000,0.600000,0.400000,0.400000,0.600000
2.532500,1.000000,0.999147,1.000000,0.600000,0.400000,0.400000,0.600000
2.535000,1.000000,1.002652,1.000000,0.600000,0.400000,0.400000,0.600000
2.537500,1.000000,1.004001,1.000000,0.600000,0.400000,0.400000,0.600000
2.540000,1.000000,1.004601,1.000000,0.600000,0.400000,0.400000,0.600000
2.542500,1.000000,0.998255,1.000000,0.600000,0.400000,0.400000,0.600000
2.545000,1.000000,0.997557,1.000000,0.600000,0.400000,0.400000,0.600000
2.547500,1.000000,1.004089,1.000000,0.600000,0.400000,0.400000,0.600000
2.550000,1.000000,0.994824,1.000000,0.600000,0.400000,0.400000,0.600000
2.552500,1.000000,0.999489,1.000000,0.600000,0.400000,0.400000,0.600000
2.555000,1.000000,0.998491,1.000000,0.600000,0.400000,0.400000,0.600000
2.557500,1.000000,1.003442,1.000000,0.600000,0.400000,0.400000,0.600000
2.560000,1.000000,1.000342,1.000000,0.600000,0.400000,0.400000,0.600000
2.562500,1.000000,1.001317,1.000000,0.600000,0.400000,0.400000,0.600000
2.565000,1.000000,1.000443,1.000000,0.600000,0.400000,0.400000,0.600000
2.567500,1.000000,0.999379,1.000000,0.600000,0.400000,0.400000,0.600000
2.570000,1.000000,1.001433,1.000000,0.600000,0.400000,0.400000,0.600000
2.572500,1.000000,0.997714,1.000000,0.600000,0.400000,0.400000,0.600000
2.575000,1.000000,0.997460,1.000000,0.600000,0.400000,0.400000,0.600000
2.577500,1.000000,0.998949,1.000000,0.600000,0.400000,0.400000,0.600000
2.580000,1.000000,0.999527,1.000000,0.600000,0.400000,0.400000,0.600000
2.582500,1.000000,0.998221,1.000000,0.600000,0.400000,0.400000,0.600000
2.585000,1.000000,1.000273,1.000000,0.600000,0.400000,0.400000,0.600000
2.587500,1.000000,1.005401,1.000000,0.600000,0.400000,0.400000,0.600000
2.590000,1.000000,0.999341,1.000000,0.600000,0.400000,0.400000,0.600000
2.592500,1.000000,1.002207,1.000000,0.600000,0.400000,0.400000,0.600000
2.595000,1.000000,0.999263,1.000000,0.600000,0.400000,0.400000,0.600000
2.597500,1.000000,1.002857,1.000000,0.600000,0.400000,0.400000,0.600000
2.600000,1.000000,0.997194,1.000000,0.600000,0.400000,0.400000,0.600000
2.602500,1.000000,1.002200,1.000000,0.600000,0.400000,0.400000,0.600000
2.605000,1.000000,1.000867,1.000000,0.600000,0.400000,0.400000,0.600000
2.607500,1.000000,1.001013,1.000000,0.600000,0.400000,0.400000,0.600000
2.610000,1.000000,0.996918,1.000000,0.600000,0.400000,0.400000,0.600000
2.612500,1.000000,0.998867,1.000000,0.600000,0.400000,0.400000,0.600000
2.615000,1.000000,1.003329,1.000000,0.600000,0.400000,0.400000,0.600000
2.617500,1.000000,0.996269,1.000000,0.600000,0.400000,0.400000,0.600000
2.620000,1.000000,0.999006,1.000000,0.600000,0.400000,0.400000,0.600000
2.622500,1.000000,1.001112,1.000000,0.600000,0.400000,0.400000,0.600000
2.625000,1.000000,1.004799,1.000000,0.600000,0.400000,0.400000,0.600000
2.627500,1.000000,1.002949,1.000000,0.600000,0.400000,0.400000,0.600000
2.630000,1.000000,1.003346,1.000000,0.600000,0.400000,0.400000,0.600000
2.632500,1.000000,0.998860,1.000000,0.600000,0.400000,0.400000,0.600000
2.635000,1.000000,1.000467,1.000000,0.600000,0.400000,0.400000,0.600000
2.637500,1.000000,0.998182,1.000000,0.600000,0.400000,0.400000,0.600000
2.640000,1.000000,0.999245,1.000000,0.600000,0.400000,0.400000,0.600000
2.642500,1.000000,1.000268,1.000000,0.600000,0.400000,0.400000,0.600000
2.645000,1.000000,0.998146,1.000000,0.600000,0.400000,0.400000,0.600000
2.647500,1.000000,1.003211,1.000000,0.600000,0.400000,0.400000,0.600000
2.650000,1.000000,1.000101,1.000000,0.600000,0.400000,0.400000,0.600000
2.652500,1.000000,0.999099,1.000000,0.600000,0.400000,0.400000,0.600000
2.655000,1.000000,0.997839,1.000000,0.600000,0.400000,0.400000,0.600000
2.657500,1.000000,1.003057,1.000000,0.600000,0.400000,0.400000,0.600000
2.660000,1.000000,1.001583,1.000000,0.600000,0.400000,0.400000,0.600000
2.662500,1.000000,0.999269,1.000000,0.600000,0.400000,0.400000,0.600000
2.665000,1.000000,0.997036,1.000000,0.600000,0.400000,0.400000,0.600000
2.667500,1.000000,1.001916,1.000000,0.600000,0.400000,0.400000,0.600000
2.670000,1.000000,0.999581,1.000000,0.600000,0.400000,0.400000,0.600000
2.672500,1.000000,1.002295,1.000000,0.600000,0.400000,0.400000,0.600000
2.675000,1.000000,1.000010,1.000000,0.600000,0.400000,0.400000,0.600000
2.677500,1.000000,1.003429,1.000000,0.600000,0.400000,0.400000,0.600000
2.680000,1.000000,0.999840,1.000000,0.600000,0.400000,0.400000,0.600000
2.682500,1.000000,1.003841,1.000000,0.600000,0.400000,0.400000,0.600000
2.685000,1.000000,1.001927,1.000000,0.600000,0.400000,0.400000,0.600000
2.687500,1.000000,0.996692,1.000000,0.600000,0.400000,0.400000,0.600000
2.690000,1.000000,0.999254,1.000000,0.600000,0.400000,0.400000,0.600000
2.692500,1.000000,1.003773,1.000000,0.600000,0.400000,0.400000,0.600000
2.695000,1.000000,1.000656,1.000000,0.600000,0.400000,0.400000,0.600000
2.697500,1.000000,0.998698,1.000000,0.600000,0.400000,0.400000,0.600000
2.700000,1.000000,1.000204,1.000000,0.600000,0.400000,0.400000,0.600000
2.702500,1.000000,1.002793,1.000000,0.600000,0.400000,0.400000,0.600000
2.705000,1.000000,1.000908,1.000000,0.600000,0.400000,0.400000,0.600000
2.707500,1.000000,0.999525,1.000000,0.600000,0.400000,0.400000,0.600000
2.710000,1.000000,0.995864,1.000000,0.600000,0.400000,0.400000,0.600000
2.712500,1.000000,1.004089,1.000000,0.600000,0.400000,0.400000,0.600000
2.715000,1.000000,0.997731,1.000000,0.600000,0.400000,0.400000,0.600000
2.717500,1.000000,1.002578,1.000000,0.600000,0.400000,0.400000,0.600000
2.720000,1.000000,0.996213,1.000000,0.600000,0.400000,0.400000,0.600000
2.722500,1.000000,0.998644,1.000000,0.600000,0.400000,0.400000,0.600000
2.725000,1.000000,0.997879,1.000000,0.600000,0.400000,0.400000,0.600000
2.727500,1.000000,1.002082,1.000000,0.600000,0.400000,0.400000,0.600000
2.730000,1.000000,0.998583,1.000000,0.600000,0.400000,0.400000,0.600000
2.732500,1.000000,1.001379,1.000000,0.600000,0.400000,0.400000,0.600000
2.735000,1.000000,1.004248,1.000000,0.600000,0.400000,0.400000,0.600000
2.737500,1.000000,1.000300,1.000000,0.600000,0.400000,0.400000,0.600000
2.740000,1.000000,0.997827,1.000000,0.600000,0.400000,0.400000,0.600000
2.742500,1.000000,0.999228,1.000000,0.600000,0.400000,0.400000,0.600000
2.745000,1.000000,0.997540,1.000000,0.600000,0.400000,0.400000,0.600000
2.747500,1.000000,1.002045,1.000000,0.600000,0.400000,0.400000,0.600000
2.750000,1.000000,1.001699,1.000000,0.600000,0.400000,0.400000,0.600000
2.752500,1.000000,1.000739,1.000000,0.600000,0.400000,0.400000,0.600000
2.755000,1.000000,0.997412,1.000000,0.600000,0.400000,0.400000,0.600000
2.757500,1.000000,0.994636,1.000000,0.600000,0.400000,0.400000,0.600000
2.760000,1.000000,0.999128,1.000000,0.600000,0.400000,0.400000,0.600000
2.762500,1.000000,0.999196,1.000000,0.600000,0.400000,0.400000,0.600000
2.765000,1.000000,0.997610,1.000000,0.600000,0.400000,0.400000,0.600000
2.767500,1.000000,0.997808,1.000000,0.600000,0.400000,0.400000,0.600000
2.770000,1.000000,0.999075,1.000000,0.600000,0.400000,0.400000,0.600000
2.772500,1.000000,1.001914,1.000000,0.600000,0.400000,0.400000,0.600000
2.775000,1.000000,0.994895,1.000000,0.600000,0.400000,0.400000,0.600000
2.777500,1.000000,0.998782,1.000000,0.600000,0.400000,0.400000,0.600000
2.780000,1.000000,1.002191,1.000000,0.600000,0.400000,0.400000,0.600000
2.782500,1.000000,0.994680,1.000000,0.600000,0.400000,0.400000,0.600000
2.785000,1.000000,0.999606,1.000000,0.600000,0.400000,0.400000,0.600000
2.787500,1.000000,1.000076,1.000000,0.600000,0.400000,0.400000,0.600000
2.790000,1.000000,1.000252,1.000000,0.600000,0.400000,0.400000,0.600000
2.792500,1.000000,1.004434,1.000000,0.600000,0.400000,0.400000,0.600000
2.795000,1.000000,0.999932,1.000000,0.600000,0.400000,0.400000,0.600000
2.797500,1.000000,0.998315,1.000000,0.600000,0.400000,0.400000,0.600000
2.800000,1.000000,0.998902,1.000000,0.600000,0.400000,0.400000,0.600000
2.802500,1.000000,1.000098,1.000000,0.600000,0.400000,0.400000,0.600000
2.805000,1.000000,0.997759,1.000000,0.600000,0.400000,0.400000,0.600000
2.807500,1.000000,0.996230,1.000000,0.600000,0.400000,0.400000,0.600000
2.810000,1.000000,0.998029,1.000000,0.600000,0.400000,0.400000,0.600000
2.812500,1.000000,0.999302,1.000000,0.600000,0.400000,0.400000,0.600000
2.815000,1.000000,1.004034,1.000000,0.600000,0.400000,0.400000,0.600000
2.817500,1.000000,0.998441,1.000000,0.600000,0.400000,0.400000,0.600000
2.820000,1.000000,0.998521,1.000000,0.600000,0.400000,0.400000,0.600000
2.822500,1.000000,0.996629,1.000000,0.600000,0.400000,0.400000,0.600000
2.825000,1.000000,1.003270,1.000000,0.600000,0.400000,0.400000,0.600000
2.827500,1.000000,1.000898,1.000000,0.600000,0.400000,0.400000,0.600000
2.830000,1.000000,1.001965,1.000000,0.600000,0.400000,0.400000,0.600000
2.832500,1.000000,1.001147,1.000000,0.600000,0.400000,0.400000,0.600000
2.835000,1.000000,0.998262,1.000000,0.600000,0.400000,0.400000,0.600000
2.837500,1.000000,1.000507,1.000000,0.600000,0.400000,0.400000,0.600000
2.840000,1.000000,0.997588,1.000000,0.600000,0.400000,0.400000,0.600000
2.842500,1.000000,1.001155,1.000000,0.600000,0.400000,0.400000,0.600000
2.845000,1.000000,1.002923,1.000000,0.600000,0.400000,0.400000,0.600000
2.847500,1.000000,1.006306,1.000000,0.600000,0.400000,0.400000,0.600000
2.850000,1.000000,0.997840,1.000000,0.600000,0.400000,0.400000,0.600000
2.852500,1.000000,1.003013,1.000000,0.600000,0.400000,0.400000,0.600000
2.855000,1.000000,1.002144,1.000000,0.600000,0.400000,0.400000,0.600000
2.857500,1.000000,0.997161,1.000000,0.600000,0.400000,0.400000,0.600000
2.860000,1.000000,1.000596,1.000000,0.600000,0.400000,0.400000,0.600000
2.862500,1.000000,1.003326,1.000000,0.600000,0.400000,0.400000,0.600000
2.865000,1.000000,0.998467,1.000000,0.600000,0.400000,0.400000,0.600000
2.867500,1.000000,1.001077,1.000000,0.600000,0.400000,0.400000,0.600000
2.870000,1.000000,0.999614,1.000000,0.600000,0.400000,0.400000,0.600000
2.872500,1.000000,1.000862,1.000000,0.600000,0.400000,0.400000,0.600000
2.875000,1.000000,0.998224,1.000000,0.600000,0.400000,0.400000,0.600000
2.877500,1.000000,1.000224,1.000000,0.600000,0.400000,0.400000,0.600000
2.880000,1.000000,1.001174,1.000000,0.600000,0.400000,0.400000,0.600000
2.882500,1.000000,0.998684,1.000000,0.600000,0.400000,0.400000,0.600000
2.885000,1.000000,0.997986,1.000000,0.600000,0.400000,0.400000,0.600000
2.887500,1.000000,0.999842,1.000000,0.600000,0.400000,0.400000,0.600000
2.890000,1.000000,0.998777,1.000000,0.600000,0.400000,0.400000,0.600000
2.892500,1.000000,1.000089,1.000000,0.600000,0.400000,0.400000,0.600000
2.895000,1.000000,0.998156,1.000000,0.600000,0.400000,0.400000,0.600000
2.897500,1.000000,1.002187,1.000000,0.600000,0.400000,0.400000,0.600000
2.900000,1.000000,1.000662,1.000000,0.600000,0.400000,0.400000,0.600000
2.902500,1.000000,0.996561,1.000000,0.600000,0.400000,0.400000,0.600000
2.905000,1.000000,1.003554,1.000000,0.600000,0.400000,0.400000,0.600000
2.907500,1.000000,0.997969,1.000000,0.600000,0.400000,0.400000,0.600000
2.910000,1.000000,0.999175,1.000000,0.600000,0.400000,0.400000,0.600000
2.912500,1.000000,1.002808,1.000000,0.600000,0.400000,0.400000,0.600000
2.915000,1.000000,0.998063,1.000000,0.600000,0.400000,0.400000,0.600000
2.917500,1.000000,1.005030,1.000000,0.600000,0.400000,0.400000,0.600000
2.920000,1.000000,0.994323,1.000000,0.600000,0.400000,0.400000,0.600000
2.922500,1.000000,0.992952,1.000000,0.600000,0.400000,0.400000,0.600000
2.925000,1.000000,1.000546,1.000000,0.600000,0.400000,0.400000,0.600000
2.927500,1.000000,0.996497,1.000000,0.600000,0.400000,0.400000,0.600000
2.930000,1.000000,1.000198,1.000000,0.600000,0.400000,0.400000,0.600000
2.932500,1.000000,0.997944,1.000000,0.600000,0.400000,0.400000,0.600000
2.935000,1.000000,0.999266,1.000000,0.600000,0.400000,0.400000,0.600000
2.937500,1.000000,1.000706,1.000000,0.600000,0.400000,0.400000,0.600000
2.940000,1.000000,1.000243,1.000000,0.600000,0.400000,0.400000,0.600000
2.942500,1.000000,0.999381,1.000000,0.600000,0.400000,0.400000,0.600000
2.945000,1.000000,0.998841,1.000000,0.600000,0.400000,0.400000,0.600000
2.947500,1.000000,0.999480,1.000000,0.600000,0.400000,0.400000,0.600000
2.950000,1.000000,0.998329,1.000000,0.600000,0.400000,0.400000,0.600000
2.952500,1.000000,1.002878,1.000000,0.600000,0.400000,0.400000,0.600000
2.955000,1.000000,0.997403,1.000000,0.600000,0.400000,0.400000,0.600000
2.957500,1.000000,1.000671,1.000000,0.600000,0.400000,0.400000,0.600000
2.960000,1.000000,1.000810,1.000000,0.600000,0.400000,0.400000,0.600000
2.962500,1.000000,0.995665,1.000000,0.600000,0.400000,0.400000,0.600000
2.965000,1.000000,1.000778,1.000000,0.600000,0.400000,0.400000,0.600000
2.967500,1.000000,1.002767,1.000000,0.600000,0.400000,0.400000,0.600000
2.970000,1.000000,0.999464,1.000000,0.600000,0.400000,0.400000,0.600000
2.972500,1.000000,1.001646,1.000000,0.600000,0.400000,0.400000,0.600000
2.975000,1.000000,0.999838,1.000000,0.600000,0.400000,0.400000,0.600000
2.977500,1.000000,1.000394,1.000000,0.600000,0.400000,0.400000,0.600000
2.980000,1.000000,1.002086,1.000000,0.600000,0.400000,0.400000,0.600000
2.982500,1.000000,0.999594,1.000000,0.600000,0.400000,0.400000,0.600000
2.985000,1.000000,1.001380,1.000000,0.600000,0.400000,0.400000,0.600000
2.987500,1.000000,0.996213,1.000000,0.600000,0.400000,0.400000,0.600000
2.990000,1.000000,1.000245,1.000000,0.600000,0.400000,0.400000,0.600000
2.992500,1.000000,0.995675,1.000000,0.600000,0.400000,0.400000,0.600000
2.995000,1.000000,0.998985,1.000000,0.600000,0.400000,0.400000,0.600000
2.997500,1.000000,0.998333,1.000000,0.600000,0.400000,0.400000,0.600000
