file,episode_id,seg_idx,t_start_s,t_end_s,t_mid_s,t_takeoff_s,t_since_takeoff_s,duration_s,n_samples,voltage_mean,duty_m1_mean,duty_m2_mean,duty_m3_mean,duty_m4_mean,duty_mean,Vapp_m1_mean,Vapp_m2_mean,Vapp_m3_mean,Vapp_m4_mean,Vapp_mean,altitude_mean
stampfly_udp_20260627T020137.jsonl,0,0,13.915017,16.670013,15.292515000000002,3.447508,11.845007000000003,2.7549960000000002,138,3.876463768115942,0.6867971014492754,0.5627115942028986,0.7336978260869564,0.5799347826086957,0.6407853260869566,2.662592063768116,2.181060388405797,2.8443703246376812,2.247836104347826,2.4839647202898547,0.4891621921805368
stampfly_udp_20260627T020137.jsonl,0,1,18.215013,23.755015,20.985014,3.447508,17.537506,5.540002000000001,277,3.8558844765342966,0.6607848375451263,0.5978447653429603,0.7232205776173285,0.604138989169675,0.6464972924187725,2.547876915523465,2.3052736895306856,2.788605314079422,2.329503789169675,2.492814927075812,0.5118632557590085
stampfly_udp_20260627T020137.jsonl,0,2,26.560013,32.550015,29.555014,3.447508,26.107506,5.9900020000000005,299,3.825016722408026,0.6918745819397993,0.6189939799331103,0.7056538461538462,0.5956297658862876,0.6530380434782609,2.6465645538461535,2.367491539799331,2.699333490301003,2.2781285725752505,2.4978795391304347,0.5492144673564362
stampfly_udp_20260627T020137.jsonl,0,3,35.940009,36.932721,36.436365,3.447508,32.988857,0.9927119999999974,50,3.8079999999999994,0.648656,0.616654,0.698964,0.645676,0.6524875,2.470082048,2.348218432,2.6616549120000004,2.4587342079999996,2.4846723999999996,0.6022728669643402
stampfly_udp_20260627T020137.jsonl,0,4,39.037513,47.495011,43.266262,3.447508,39.818754,8.457498000000001,422,3.7846635071090042,0.7018412322274881,0.6126734597156398,0.7305630331753554,0.6090670616113744,0.6635361966824644,2.6561361364928904,2.318897736492891,2.7648466199052133,2.3052019962085306,2.511270622274881,0.5157685863886964
stampfly_udp_20260627T020137.jsonl,0,5,49.340011,51.470011,50.405011,3.447508,46.957503,2.1300000000000026,107,3.7604485981308393,0.5444906542056075,0.7789682242990655,0.5477551401869158,0.7876616822429906,0.6647189252336447,2.0475779364485978,2.9292223327102804,2.059858811214953,2.961916575700935,2.4996439140186912,0.5355434562558326
stampfly_udp_20260627T020137.jsonl,0,6,53.177515,56.215229,54.696372,3.447508,51.248864,3.037714000000001,152,3.7473684210526317,0.5781434210526316,0.7601368421052631,0.573258552631579,0.7682203947368421,0.6699398026315789,2.166494852631579,2.848589868421053,2.1481192368421054,2.8788476052631577,2.510512890789474,0.5499319042030134
stampfly_udp_20260627T020137.jsonl,0,7,59.180013,62.155298,60.6676555,3.447508,57.2201475,2.9752849999999995,149,3.7287516778523493,0.7400228187919463,0.5904845637583893,0.7617731543624161,0.6033926174496645,0.673918288590604,2.7593190604026843,2.201805288590604,2.8404320966442955,2.249955597315437,2.512878010738255,0.5194106390012191
stampfly_udp_20260627T020137.jsonl,0,8,64.982515,66.105228,65.5438715,3.447508,62.096363499999995,1.1227129999999903,57,3.715368421052631,0.761157894736842,0.5707140350877193,0.7759754385964913,0.6021315789473685,0.6774947368421053,2.827958245614035,2.1204364350877194,2.8830337684210523,2.2371596210526317,2.51714701754386,0.5346477659125077
stampfly_udp_20260627T020137.jsonl,0,9,67.692513,76.212671,71.95259200000001,3.447508,68.50508400000001,8.520157999999995,425,3.693364705882353,0.7009562352941177,0.6507348235294117,0.7373637647058823,0.6636080000000001,0.6881657058823529,2.5888183792941177,2.4034588385882354,2.7232847228235295,2.4510126079999996,2.5416436371764703,0.5029013871445376
stampfly_udp_20260627T020137.jsonl,0,10,76.840043,78.085243,77.462643,3.447508,74.015135,1.2452000000000112,63,3.680000000000001,0.7241507936507937,0.6177190476190478,0.7586285714285714,0.6391809523809524,0.6849198412698412,2.6648749206349214,2.273206095238095,2.791753142857143,2.3521859047619045,2.5205050158730167,0.58392228872057
stampfly_udp_20260627T020137.jsonl,0,11,78.829998,80.940011,79.88500450000001,3.447508,76.43749650000001,2.110012999999995,106,3.6743396226415093,0.6862132075471697,0.6942169811320755,0.7022367924528301,0.6863603773584904,0.6922568396226414,2.521567154716982,2.5505784679245282,2.580465509433963,2.521724724528302,2.5435839641509435,0.5144774981264798
stampfly_udp_20260627T020137.jsonl,0,12,81.445166,82.230017,81.8375915,3.447508,78.3900835,0.7848510000000033,40,3.6719999999999997,0.7770725,0.5924125,0.7856474999999999,0.5820475,0.684295,2.8534102199999998,2.1753387,2.8848976200000003,2.13727842,2.51273124,0.5639205977320672
stampfly_udp_20260627T020137.jsonl,0,13,85.942511,92.562515,89.252513,3.447508,85.805005,6.620004000000009,331,3.650876132930514,0.6876649546827794,0.7076788519637462,0.7108948640483383,0.6924743202416919,0.699678247734139,2.5105373486404834,2.583702269486405,2.5953111951661634,2.5282212592145017,2.5544430181268885,0.5347235837551763
stampfly_udp_20260627T020137.jsonl,0,14,100.845184,108.372506,104.608845,3.447508,101.161337,7.527321999999998,376,3.6156595744680846,0.7270933510638298,0.6659130319148936,0.7600696808510639,0.6838234042553191,0.7092248670212765,2.6289026851063833,2.4076860851063833,2.748166444680851,2.4724542723404257,2.5643023718085107,0.4867333463848905
stampfly_udp_20260627T020137.jsonl,0,15,113.010038,114.677515,113.84377649999999,3.447508,110.39626849999999,1.6674770000000052,84,3.5988571428571428,0.7564035714285714,0.6028559523809524,0.8086416666666668,0.6449738095238094,0.70321875,2.7222874380952384,2.16949300952381,2.9102563428571435,2.3210635047619044,2.5307750738095236,0.562150627374649
stampfly_udp_20260627T020137.jsonl,0,16,115.742515,116.625212,116.1838635,3.447508,112.7363555,0.8826970000000074,45,3.5904000000000007,0.7458266666666667,0.6343933333333334,0.8044622222222222,0.6737133333333334,0.7145988888888889,2.6777840711111116,2.277743253333334,2.8883224533333336,2.4189353777777782,2.565696288888889,0.4665508515304989
stampfly_udp_20260627T020137.jsonl,0,17,118.155043,119.757517,118.95628,3.447508,115.50877200000001,1.6024740000000008,81,3.585481481481482,0.7432666666666667,0.6691753086419753,0.7765814814814814,0.671920987654321,0.7152361111111112,2.664827812345679,2.399436701234568,2.7842862222222218,2.409291930864198,2.5644606666666667,0.48871125446425545
stampfly_udp_20260627T020137.jsonl,0,18,131.745158,132.670013,132.2075855,3.447508,128.7600775,0.924855000000008,47,3.5600000000000005,0.7655595744680852,0.6553255319148936,0.7916212765957445,0.6761702127659573,0.7221691489361702,2.7253920851063826,2.3329588936170214,2.8181717446808516,2.4071659574468085,2.570922170212766,0.4458261569763752
stampfly_udp_20260627T020137.jsonl,0,19,138.432507,141.030015,139.731261,3.447508,136.283753,2.597508000000005,130,3.544,0.7456646153846155,0.6736892307692308,0.7898607692307692,0.6897007692307693,0.7247288461538461,2.6426353969230765,2.387554633846154,2.799266566153846,2.4442995261538463,2.5684390307692304,0.46206947725552777
stampfly_udp_20260627T020137.jsonl,0,20,141.492517,142.212552,141.8525345,3.447508,138.4050265,0.7200349999999958,37,3.536,0.6963270270270269,0.723272972972973,0.7660540540540541,0.7643972972972973,0.7375128378378377,2.462212367567568,2.557493232432433,2.708767135135135,2.702908843243243,2.607845394594595,0.41891043894999735
stampfly_udp_20260627T020137.jsonl,0,21,144.740013,152.962511,148.85126200000002,3.447508,145.40375400000002,8.222498000000002,411,3.5281946472019463,0.7073963503649634,0.723196593673966,0.7468742092457421,0.747680291970803,0.7312868613138686,2.4958887221411192,2.5514902287104624,2.6351690024330896,2.637884690997567,2.58010816107056,0.55162759911985
stampfly_udp_20260627T020137.jsonl,0,22,159.210038,162.327513,160.7687755,3.447508,157.3212675,3.117475000000013,156,3.5119999999999996,0.7150692307692308,0.7190679487179487,0.7474333333333334,0.741098717948718,0.7306673076923078,2.5113231384615387,2.525366635897436,2.624985866666667,2.6027386974358975,2.5661035846153846,0.4540546545997644
stampfly_udp_20260627T020137.jsonl,0,23,164.447507,166.272515,165.360011,3.447508,161.912503,1.8250079999999969,92,3.5040000000000013,0.7753173913043475,0.6428239130434782,0.8128673913043477,0.6630347826086956,0.7235108695652173,2.7167121391304345,2.252454991304348,2.8482873391304353,2.3232738782608693,2.535182086956522,0.5464307970326879
stampfly_udp_20260627T020137.jsonl,0,24,167.957624,169.360011,168.6588175,3.447508,165.2113095,1.402386999999976,71,3.4960000000000004,0.7578957746478874,0.6810056338028169,0.7912521126760563,0.7249309859154931,0.7387711267605633,2.649603628169014,2.380795695774648,2.766217385915493,2.5343587267605634,2.582743859154929,0.4263760204046545
stampfly_udp_20260627T020137.jsonl,0,25,170.985018,172.447505,171.7162615,3.447508,168.2687535,1.46248700000001,74,3.490594594594594,0.7553405405405405,0.7170716216216216,0.787781081081081,0.72505,0.7463108108108109,2.636540767567568,2.5030551675675676,2.749787124324324,2.5308811675675673,2.6050660567567565,0.455192991607898
stampfly_udp_20260627T020137.jsonl,0,26,174.615013,177.202513,175.90876300000002,3.447508,172.46125500000002,2.5875000000000057,130,3.488,0.7370207692307692,0.7306853846153847,0.757236923076923,0.7501915384615385,0.7437836538461539,2.5707284430769235,2.5486306215384618,2.6412423876923077,2.616668086153846,2.5943173846153846,0.578261001751973
stampfly_udp_20260629T145526.jsonl,0,0,7.445153,8.185006,7.8150794999999995,4.465016,3.350063499999999,0.7398529999999992,38,4.040210526315788,0.6621052631578946,0.7474447368421053,0.7310447368421051,0.5544736842105265,0.6737671052631579,2.6750418105263156,3.0198390105263155,2.9535691578947367,2.2401938736842104,2.7221609631578945,0.24390296912507006
stampfly_udp_20260629T145526.jsonl,0,1,9.127538,10.287516,9.707526999999999,4.465016,5.242510999999999,1.1599780000000006,59,4.034305084745763,0.6739745762711865,0.7302542372881357,0.747120338983051,0.5284322033898304,0.6699453389830509,2.7190149694915258,2.9460664813559325,3.0140957016949153,2.131871322033898,2.702762118644068,0.3254075484760737
stampfly_udp_20260629T145526.jsonl,0,2,12.587525,13.107516,12.8475205,4.465016,8.3825045,0.519991000000001,27,4.024,0.6444962962962962,0.7534962962962962,0.722359259259259,0.5558407407407407,0.669048148148148,2.593453096296296,3.0320690962962966,2.906773659259259,2.2367031407407407,2.6922497481481487,0.35159633998517636
stampfly_udp_20260629T145526.jsonl,0,3,17.427516,18.73004,18.078778,4.465016,13.613762,1.3025239999999982,66,4.00630303030303,0.6586909090909091,0.7447181818181817,0.7204484848484848,0.5682939393939395,0.6730378787878788,2.638941915151515,2.9835278545454544,2.8863458666666664,2.2767344727272727,2.696387527272727,0.2817752609650294
stampfly_udp_20260629T145526.jsonl,0,4,24.327516,24.887518,24.607517,4.465016,20.142501000000003,0.5600020000000008,29,3.983999999999999,0.682396551724138,0.7514793103448277,0.7587034482758621,0.5526551724137931,0.6863086206896551,2.718667862068966,2.9938935724137923,3.0226745379310347,2.201778206896552,2.734253544827586,0.1507887033552959
stampfly_udp_20260629T145526.jsonl,0,5,26.447514,27.907542,27.177528000000002,4.465016,22.712512000000004,1.4600279999999977,74,3.976,0.674958108108108,0.7593513513513515,0.7389810810810812,0.5558378378378378,0.6822820945945945,2.6836334378378375,3.019180972972973,2.938188778378378,2.2100112432432426,2.712753608108108,0.24539122951997294
stampfly_udp_20260629T145526.jsonl,0,6,29.527516,31.887518,30.707517,4.465016,26.242500999999997,2.3600020000000015,119,3.9631596638655457,0.6686369747899159,0.7546159663865546,0.7373134453781514,0.5772991596638656,0.6844663865546218,2.649915005042018,2.9906939630252096,2.9220844974789912,2.287930157983194,2.7126559058823534,0.18242260287789738
stampfly_udp_20260629T145526.jsonl,0,7,39.630016,43.507516,41.568766,4.465016,37.10375,3.877500000000005,193,3.931772020725388,0.684937823834197,0.7499062176165803,0.7596259067357513,0.572661139896373,0.6917827720207254,2.6930960414507767,2.948418478756477,2.9867198880829013,2.251499059067357,2.719933366839378,0.13244688036065028
stampfly_udp_20260629T145526.jsonl,0,8,48.100036,49.42004,48.760038,4.465016,44.295022,1.3200039999999973,66,3.911999999999999,0.6914893939393939,0.7552636363636365,0.7603348484848486,0.5636015151515151,0.6926723484848486,2.7051065090909088,2.9545913454545456,2.9744299272727277,2.204809127272727,2.709734227272727,0.1773361719467423
stampfly_udp_20260629T145526.jsonl,0,9,108.292543,109.55501,108.9237765,4.465016,104.4587605,1.262467000000001,64,3.736,0.702453125,0.797815625,0.772840625,0.636715625,0.7274562499999999,2.6243648750000004,2.9806391750000003,2.887332575,2.378769575,2.7177765500000004,0.0951343271881342
stampfly_udp_20260629T145526.jsonl,0,10,149.122693,150.927513,150.025103,4.465016,145.560087,1.8048200000000065,91,3.6334945054945056,0.7691703296703297,0.8221263736263736,0.8180021978021979,0.6410120879120881,0.7625777472527473,2.7947588395604397,2.9871934241758242,2.9721904703296707,2.3291190593406594,2.7708154483516485,0.1314181442280392
stampfly_udp_20260629T145526.jsonl,0,11,153.297518,153.837518,153.567518,4.465016,149.10250200000002,0.539999999999992,28,3.623999999999999,0.754525,0.8236249999999999,0.8288642857142855,0.6480642857142858,0.7637696428571429,2.734398600000001,2.9848169999999996,3.003804171428571,2.3485849714285716,2.767901185714286,0.16336835388626372
stampfly_udp_20260629T145526.jsonl,0,12,166.735038,167.295016,167.015027,4.465016,162.550011,0.559978000000001,29,3.599999999999999,0.771958620689655,0.8189586206896551,0.8174241379310344,0.6089482758620689,0.7543224137931035,2.779051034482759,2.9482510344827593,2.9427268965517244,2.1922137931034484,2.7155606896551725,0.06840682594940581
stampfly_udp_20260629T145526.jsonl,0,13,169.557516,171.257539,170.40752750000001,4.465016,165.94251150000002,1.7000230000000158,86,3.6000000000000023,0.7586162790697676,0.8057453488372093,0.8235662790697673,0.6079058139534883,0.7489584302325581,2.731018604651163,2.9006832558139535,2.9648386046511632,2.1884609302325586,2.6962503488372094,0.06483166158026041
stampfly_udp_20260629T145526.jsonl,0,14,174.775016,178.362694,176.56885499999999,4.465016,172.103839,3.587678000000011,180,3.587777777777778,0.7449033333333334,0.8357505555555554,0.8043138888888889,0.6440927777777777,0.7572651388888889,2.6725748044444444,2.9984739333333335,2.885720066666666,2.310801924444444,2.7168926822222224,0.06986688661078612
stampfly_udp_20260717T231940.jsonl,0,0,10.762522,13.155019,11.9587705,5.47753,6.4812405,2.3924969999999988,118,4.0743728813559335,0.5573330508474578,0.6118805084745764,0.5715449152542373,0.6475296610169491,0.5970720338983051,2.2708291593220338,2.4929967796610164,2.328739091525423,2.6382435525423724,2.432702145762712,0.3889580957465253
stampfly_udp_20260717T231940.jsonl,0,1,22.580021,24.205021,23.392521,5.47753,17.914991,1.625,82,4.031999999999999,0.5772048780487805,0.5848585365853659,0.6091146341463415,0.6234182926829268,0.5986490853658536,2.327290068292683,2.3581496195121954,2.455950204878049,2.513622556097561,2.413753112195122,0.38197967337398997
stampfly_udp_20260717T231940.jsonl,0,2,34.217542,36.110019,35.1637805,5.47753,29.6862505,1.8924769999999995,95,3.989305263157894,0.5482757894736842,0.6729905263157896,0.5498399999999999,0.6939736842105264,0.61627,2.187108513684211,2.684843587368421,2.1933881347368422,2.768587949473684,2.4584820463157895,0.39901339694073323
stampfly_udp_20260717T231940.jsonl,0,3,45.670042,46.332517,46.0012795,5.47753,40.5237495,0.6624750000000006,34,3.952,0.5598970588235294,0.6650911764705884,0.5850264705882353,0.7095411764705882,0.6298889705882352,2.2127131764705887,2.6284403294117644,2.312024611764706,2.8041067294117648,2.489321211764706,0.28852297453319325
stampfly_udp_20260717T231940.jsonl,0,4,48.160021,49.045014,48.602517500000005,5.47753,43.1249875,0.8849930000000015,45,3.9416888888888897,0.6024288888888889,0.63786,0.5781488888888889,0.6691244444444445,0.6218905555555556,2.374786808888889,2.5143672888888893,2.2787474133333334,2.637293333333334,2.4512987111111113,0.3557708885934618
stampfly_udp_20260627T164611.jsonl,0,0,147.525026,148.265017,147.89502149999998,6.044992,141.85002949999998,0.7399910000000034,38,3.6239999999999997,0.7861078947368421,0.6368894736842104,0.8423605263157895,0.6266763157894736,0.7230085526315789,2.8488550105263157,2.308087452631579,3.0527145473684207,2.2710749684210523,2.620182994736842,0.16691960943372627
stampfly_udp_20260627T165713.jsonl,2,0,43.417176,44.07967,43.748423,40.464674,3.2837490000000003,0.6624940000000024,34,3.848,0.7560352941176471,0.5652588235294118,0.7883558823529412,0.5528588235294117,0.6656272058823529,2.909223811764706,2.175115952941177,3.033593435294118,2.1274007529411763,2.5613334882352943,0.4923982295919867
stampfly_udp_20260627T165713.jsonl,2,1,44.599672,46.367172,45.483422,40.464674,5.018747999999995,1.7674999999999983,79,3.8346329113924047,0.7295569620253164,0.6075974683544304,0.7674696202531643,0.5805455696202532,0.6712924050632911,2.7975794835443035,2.329888283544304,2.9429846987341772,2.226198592405064,2.5741627645569625,0.4329152575022058
stampfly_udp_20260718T022929.jsonl,0,0,9.725195,11.87752,10.8013575,3.48002,7.3213375,2.152325000000001,108,4.078444444444444,0.5760666666666667,0.614236111111111,0.5825074074074075,0.6330009259259258,0.6014527777777778,2.3494387925925926,2.505131925925926,2.3757332666666664,2.5816608962962966,2.4529912203703708,0.3616903363554566
stampfly_udp_20260718T022929.jsonl,0,1,12.46002,16.47502,14.46752,3.48002,10.9875,4.015000000000001,200,4.064039999999999,0.57053,0.616233,0.585124,0.6401195,0.603001625,2.318600572,2.504423076,2.3779091,2.6014865480000005,2.450604824,0.3933775885403156
stampfly_udp_20260718T022929.jsonl,0,2,17.397524,21.277545,19.3375345,3.48002,15.8575145,3.8800209999999993,194,4.044412371134021,0.6140010309278351,0.5945690721649485,0.6001494845360825,0.6036087628865979,0.603082087628866,2.483313430927835,2.404639212371134,2.427265319587629,2.4412188412371134,2.4391092010309277,0.4817923121538359
stampfly_udp_20260718T022929.jsonl,0,3,22.102544,22.762553,22.432548500000003,3.48002,18.952528500000003,0.6600089999999987,34,4.032000000000001,0.6139588235294118,0.6170029411764706,0.6216470588235294,0.6070411764705883,0.6149125,2.4754819764705878,2.4877558588235296,2.5064809411764704,2.4475900235294117,2.4793271999999997,0.4211197372745065
stampfly_udp_20260718T022929.jsonl,0,4,23.642526,26.800018,25.221272,3.48002,21.741252,3.1574920000000013,158,4.0252151898734185,0.5527088607594937,0.6603905063291139,0.5551221518987343,0.6878398734177215,0.6140153481012659,2.224839868354431,2.6581947240506327,2.2344761822784815,2.7686015443037975,2.4715280797468355,0.4670331253658367
stampfly_udp_20260718T022929.jsonl,0,5,29.147522,30.99002,30.068770999999998,3.48002,26.588751,1.8424980000000026,93,4.009376344086021,0.5608043010752688,0.6690903225806453,0.5372129032258064,0.6788462365591397,0.611488440860215,2.248535810752688,2.682578270967742,2.1539467784946233,2.721693866666667,2.4516886817204298,0.5783618239946263
stampfly_udp_20260718T022929.jsonl,0,6,31.650018,44.807544,38.228781,3.48002,34.748760999999995,13.157526,652,3.9806012269938646,0.6110607361963191,0.6292691717791411,0.6014023006134969,0.6390599693251534,0.6201980444785277,2.432434830674847,2.504775880981595,2.3939431276073617,2.54370533006135,2.4687147923312884,0.5107272133413999
stampfly_udp_20260718T022929.jsonl,0,7,45.70502,51.287522,48.496271,3.48002,45.016251,5.582502000000005,277,3.9479566787003604,0.5860357400722023,0.6671191335740072,0.5755422382671481,0.681615523465704,0.6275781588447654,2.313569334296029,2.63378480866426,2.2721271682310467,2.6910162454873645,2.477624389169675,0.5170310290281523
stampfly_udp_20260718T022929.jsonl,0,8,52.867524,58.127516,55.49752,3.48002,52.0175,5.259991999999997,263,3.9253231939163484,0.6053372623574145,0.6554574144486692,0.6054121673003802,0.672596958174905,0.6347009505703421,2.376020060836502,2.5729934509505705,2.376300708745247,2.640259744486692,2.4913934912547524,0.5170758179612033
stampfly_udp_20260718T022929.jsonl,0,9,59.330016,74.475045,66.9025305,3.48002,63.422510499999994,15.145028999999994,752,3.890361702127659,0.6331363031914894,0.6420917553191489,0.631997340425532,0.6501452127659575,0.6393426529255318,2.4633444265957447,2.497702982978723,2.458887967021276,2.5289379872340425,2.4872183409574466,0.5088133761619634
stampfly_udp_20260718T022929.jsonl,0,10,108.980018,109.480022,109.23002,3.48002,105.75,0.5000040000000041,26,3.7676923076923075,0.6930038461538461,0.6149307692307692,0.7036884615384614,0.6535384615384614,0.6662903846153847,2.611055323076923,2.316847261538461,2.651300461538461,2.4623080923076923,2.5103777846153843,0.27183922208272493
stampfly_udp_20260718T022929.jsonl,0,11,109.882543,110.602524,110.24253350000001,3.48002,106.76251350000001,0.7199810000000042,37,3.7599999999999993,0.6021135135135135,0.694662162162162,0.6186945945945945,0.7480729729729729,0.6658858108108109,2.2639468108108107,2.61192972972973,2.3262916756756757,2.812754378378378,2.503730648648648,0.3197863617458859
stampfly_udp_20260718T022929.jsonl,0,12,111.830043,113.972514,112.9012785,3.48002,109.42125850000001,2.1424710000000005,108,3.754370370370371,0.6522259259259259,0.6767120370370371,0.6486842592592593,0.7079796296296296,0.671400462962963,2.44877502962963,2.5405291703703705,2.4354777999999992,2.657932962962963,2.5206787407407405,0.4247059700665651
stampfly_udp_20260718T064222.jsonl,0,0,54.387502,57.487511,55.9375065,4.484988,51.4525185,3.100009,155,3.9041032258064514,0.5907600000000001,0.6868083870967742,0.5951954838709677,0.6790425806451613,0.6379516129032258,2.3063832051612905,2.681360867096774,2.3237194012903224,2.651055458064516,2.490629732903226,0.569634388723681
stampfly_udp_20260622T161016.jsonl,0,0,5.605006,8.247513,6.9262595000000005,4.480015,2.4462445000000006,2.6425069999999993,133,3.9762406015037604,0.67283007518797,0.5570263157894736,0.6847473684210527,0.5309052631578948,0.6113772556390977,2.675269636090225,2.2149228330827064,2.7226501172932327,2.1110616481203004,2.4309760586466167,0.538387948409059
stampfly_udp_20260622T161016.jsonl,0,1,9.167508,10.347519,9.7575135,4.480015,5.2774985,1.1800110000000004,60,3.9539999999999997,0.72831,0.5235733333333333,0.7384699999999998,0.5003949999999999,0.6226870833333334,2.8797291733333332,2.07021564,2.9198984,1.9785671600000003,2.462102593333334,0.4345471367239952
stampfly_udp_20260622T161055.jsonl,0,0,5.800015,6.320264,6.0601395,3.467503,2.5926365000000002,0.5202489999999997,27,3.952,0.7398777777777779,0.4846074074074074,0.7541888888888889,0.4807518518518518,0.6148564814814814,2.9239969777777777,1.9151684740740744,2.9805544888888886,1.8999313185185187,2.4299128148148146,0.48595927048612525
stampfly_udp_20260622T165808.jsonl,0,0,5.465032,17.985043,11.725037500000001,4.465161,7.259876500000001,12.520011,627,3.9893460925039874,0.6872695374800638,0.5404216905901117,0.6836535885167464,0.5332003189792663,0.611136283891547,2.741388577990431,2.1560700937799044,2.726905875598086,2.1272951438596492,2.4379149228070176,0.48835621182428024
stampfly_udp_20260622T173150.jsonl,0,0,5.885006,6.825002,6.355003999999999,3.465004,2.8899999999999992,0.9399959999999998,48,4.020833333333333,0.621825,0.57929375,0.61865,0.5729770833333334,0.5981864583333333,2.500245983333333,2.3292418500000003,2.4874841,2.3038427,2.4052036583333334,0.5893388390541077
stampfly_udp_20260622T173150.jsonl,0,1,12.067536,13.905013,12.9862745,3.465004,9.5212705,1.8374769999999998,93,3.9820215053763444,0.6284774193548387,0.5798591397849463,0.6385516129032259,0.5757096774193549,0.6056494623655915,2.5026135655913975,2.3089945032258066,2.542737866666667,2.2924656000000003,2.411702883870968,0.5086829947528019
stampfly_udp_20260622T173150.jsonl,0,2,16.227711,17.365006,16.7963585,3.465004,13.3313545,1.1372950000000017,58,3.9679999999999995,0.6086706896551725,0.594255172413793,0.6146120689655172,0.5986086206896553,0.6040366379310346,2.415205296551724,2.3580045241379306,2.4387806896551725,2.3752790068965517,2.3968173793103444,0.523177025646999
stampfly_udp_20260622T173150.jsonl,0,3,18.885013,20.965042,19.9250275,3.465004,16.4600235,2.0800289999999997,105,3.9500190476190475,0.6422695238095238,0.5861780952380953,0.6608580952380951,0.5948161904761904,0.6210304761904761,2.5369938361904767,2.315372281904762,2.610427329523809,2.349499337142857,2.453073196190476,0.3984029798280625
stampfly_udp_20260622T173150.jsonl,0,4,22.645006,28.925,25.785003,3.465004,22.319999,6.279994000000002,315,3.9284317460317464,0.625963492063492,0.6042346031746032,0.6351003174603175,0.6091269841269841,0.6186063492063492,2.458994554920635,2.3737299174603175,2.4948741028571426,2.3929697904761906,2.4301420914285714,0.4791032337953174
stampfly_udp_20260622T181806.jsonl,0,0,5.845005,29.210017,17.527511,3.465017,14.062494000000001,23.365012,1169,3.9660838323353294,0.6690758768177929,0.5559803250641574,0.6672659538066723,0.5567604790419162,0.6122706586826347,2.6537258997433706,2.2046317700598803,2.646533735500428,2.2077278925577417,2.428154824465355,0.4842450860170751
stampfly_udp_20260622T183043.jsonl,0,0,6.225017,21.665025,13.945021,4.482512,9.462509,15.440007999999999,773,3.983151358344114,0.6912732212160414,0.5362090556274256,0.6885205692108668,0.532375679172057,0.6120946313065976,2.7526182219922375,2.1363019798188874,2.741686552134541,2.1210226483829238,2.437907350582148,0.4758166010367454
stampfly_udp_20260622T183043.jsonl,0,1,27.475007,29.097506,28.2862565,4.482512,23.8037445,1.6224989999999977,82,3.9200000000000013,0.6726865853658537,0.5825756097560976,0.6575109756097561,0.5682024390243903,0.6202439024390244,2.6369314146341467,2.283696390243902,2.577443024390244,2.22735356097561,2.4313560975609754,0.5491185479047822
stampfly_udp_20260622T191826.jsonl,0,0,5.625006,23.767504,14.696254999999999,4.464999,10.231255999999998,18.142498,908,3.89869603524229,0.6998588105726873,0.5541486784140969,0.7052074889867841,0.5617210352422907,0.6302340033039647,2.7282805612334804,2.160512103964758,2.749018762114537,2.189781802643172,2.4568983074889865,0.4742775254181303
stampfly_udp_20260622T191826.jsonl,0,1,24.987509,29.207506,27.0975075,4.464999,22.6325085,4.219996999999999,212,3.845584905660377,0.6469500000000001,0.6189141509433962,0.6602094339622642,0.6331297169811321,0.639800825471698,2.4879331849056605,2.380046320754717,2.5389283283018864,2.4346905018867924,2.4603995839622637,0.5186892288192263
stampfly_udp_20260624T125432.jsonl,0,0,12.097508,21.28751,16.692509,4.47,12.222509000000002,9.190002000000002,458,3.6471965065502188,0.7137655021834061,0.643147598253275,0.755743886462882,0.6586790393013101,0.6928340065502182,2.603314372052402,2.3454937816593886,2.7564863353711795,2.4021620960698686,2.5268641462882093,0.36284354537335023
stampfly_udp_20260624T125432.jsonl,0,1,22.98251,49.207532,36.095021,4.47,31.625021000000004,26.225022,1308,3.5907339449541285,0.7195252293577983,0.6782372324159021,0.7561061926605506,0.6874183486238532,0.710321750764526,2.583650521712538,2.435085245259939,2.7152027094801223,2.4677694489296638,2.550426981345566,0.32939650637841006
stampfly_udp_20260717T211648.jsonl,0,0,20.674998,23.814998,22.244998,3.467529,18.777469,3.1400000000000006,158,4.012556962025316,0.5969898734177215,0.6212550632911391,0.617086075949367,0.6483316455696203,0.6209156645569619,2.3953531088607596,2.492906582278481,2.475968643037975,2.6015846886075944,2.491453255696203,0.4642311904249312
stampfly_udp_20260717T211648.jsonl,0,1,27.7,28.82,28.259999999999998,3.467529,24.792471,1.120000000000001,57,3.992,0.5250842105263158,0.6696807017543859,0.5419578947368421,0.7336035087719299,0.6175815789473684,2.0961361684210527,2.6733653614035084,2.1634959157894738,2.9285452070175437,2.4653856631578948,0.5399000205491719
stampfly_udp_20260717T223206.jsonl,0,0,19.790122,20.370071,20.0800965,4.480014,15.6000825,0.5799489999999992,30,4.040000000000002,0.60011,0.5737500000000001,0.64803,0.6219800000000001,0.6109674999999999,2.4244443999999996,2.31795,2.6180412000000004,2.5127991999999995,2.4683086999999997,0.5145457764466603
stampfly_udp_20260717T223206.jsonl,0,1,28.940014,30.83752,29.888767,4.480014,25.408753,1.897506,95,4.0021894736842105,0.650277894736842,0.5622273684210526,0.669878947368421,0.5887526315789474,0.6177842105263157,2.6024771536842106,2.2502075957894734,2.6809236884210526,2.3563537515789474,2.472490547368421,0.4686188838983837
stampfly_udp_20260717T223206.jsonl,0,2,40.015038,41.3552,40.685119,4.480014,36.205105,1.3401620000000065,68,3.968000000000001,0.6278470588235293,0.5802544117647058,0.6842602941176471,0.6221602941176471,0.6286305147058824,2.4912971294117647,2.302449505882353,2.7151448470588235,2.4687320470588237,2.494405882352941,0.5434534015024409
stampfly_udp_20260717T223206.jsonl,0,3,57.857516,59.200016,58.528766,4.480014,54.048752,1.3425000000000011,68,3.907647058823529,0.6467588235294117,0.5987338235294118,0.6941808823529412,0.638575,0.6445621323529411,2.527299952941177,2.339623576470588,2.7125898117647056,2.4953585764705886,2.5187179794117647,0.44627135334646
stampfly_udp_20260717T224508.jsonl,0,0,23.667577,24.292512,23.980044499999998,7.482515,16.4975295,0.6249349999999971,32,4.048,0.61565625,0.5544125,0.6648687500000001,0.60641875,0.6103390625,2.4921765000000002,2.2442618000000003,2.6913887,2.4547831,2.4706525249999998,0.4623989500105381
stampfly_udp_20260717T224508.jsonl,0,1,35.082511,37.240008,36.1612595,7.482515,28.6787445,2.1574970000000064,108,4.001481481481481,0.6268444444444443,0.5945074074074074,0.6556777777777777,0.6141388888888889,0.6227921296296296,2.5082900666666665,2.3789399111111114,2.6236634518518516,2.4574644592592594,2.4920894722222218,0.5006532544891039
stampfly_udp_20260717T224508.jsonl,0,2,52.807541,54.217496,53.5125185,7.482515,46.0300035,1.4099549999999965,71,3.944000000000001,0.623461971830986,0.6225591549295775,0.6612338028169014,0.6389394366197183,0.6365485915492959,2.4589340169014084,2.455373307042253,2.6079061183098586,2.5199771380281697,2.5105476450704223,0.4924883632592752
stampfly_udp_20260717T224508.jsonl,0,3,57.08001,58.76751,57.92376,7.482515,50.441245,1.6875,85,3.929882352941176,0.66084,0.6069329411764706,0.6790670588235295,0.6078399999999999,0.63867,2.5969622494117646,2.3852566211764707,2.668549844705882,2.38883328,2.50990049882353,0.513931533168344
stampfly_udp_20260717T224906.jsonl,0,0,21.352518,22.692508,22.022513,3.465007,18.557506,1.3399900000000002,68,4.0145882352941165,0.48389411764705886,0.6925779411764706,0.5102911764705882,0.753289705882353,0.6100132352941178,1.9426152352941173,2.7804316,2.048573011764706,3.0241740235294117,2.4489484676470594,0.299383765196099
stampfly_udp_20260717T224906.jsonl,0,1,41.287518,44.157518,42.722518,3.465007,39.257511,2.8700000000000045,144,3.9444999999999997,0.5769743055555556,0.6475791666666667,0.5813381944444445,0.696045138888889,0.6254842013888889,2.275891072222222,2.5543664222222224,2.293104711111111,2.7455307666666666,2.467223243055555,0.28453660094075733
stampfly_udp_20260717T224906.jsonl,0,2,44.842521,45.967515,45.405018,3.465007,41.940011,1.124994000000001,57,3.936,0.5160421052631579,0.6900771929824561,0.5479561403508773,0.7448649122807017,0.6247350877192982,2.0311417263157896,2.7161438315789472,2.1567553684210528,2.9317882947368417,2.4589573052631577,0.37417830396116825
stampfly_udp_20260717T224906.jsonl,0,3,47.542516,48.147518,47.845017,3.465007,44.38001,0.6050019999999989,31,3.927999999999999,0.6245612903225807,0.6455774193548389,0.6017645161290324,0.6606806451612903,0.6331459677419355,2.4532767483870965,2.535828103225806,2.363731019354839,2.595153574193548,2.4869973612903227,0.430385991450279
stampfly_udp_20260717T224906.jsonl,0,4,54.262519,57.812518,56.0375185,3.465007,52.5725115,3.5499989999999997,177,3.900926553672316,0.6668751412429379,0.5805367231638418,0.6833022598870057,0.6045920903954802,0.6338265536723163,2.6013403389830505,2.2646527050847456,2.665478047457627,2.3585467480225986,2.4725044598870056,0.4485941859288404
