t_start_s,t_end_s,duration_s,n_samples,mode,altitude_mean,voltage_mean,duty_m1_mean,duty_m2_mean,duty_m3_mean,duty_m4_mean,duty_mean,duty_spread_motors,implied_corr_old_mean,implied_corr_old_std,implied_corr_new_mean,implied_corr_new_std,firmware_corr_logged_mean,file,date,time
19.835421,21.459532,1.6241109999999992,77,2,0.4933990263319635,3.8798961038961033,0.5217311688311689,0.7917415584415584,0.5762727272727274,0.7637961038961039,0.6633853896103896,0.11641751567580651,1.130740201119925,0.004901700207499855,0.9484579843194504,0.0041058827446311,1.1307969173295251,stampfly_udp_20260614T215243.jsonl,20260614,215243
14.700017,16.662537,1.9625199999999996,99,2,0.465173789347061,3.967191919191919,0.6382353535353535,0.5312767676767678,0.642359595959596,0.5326333333333333,0.5861262626262627,0.0541929555239947,0.9949955530300147,0.007867088209973833,0.834738650315044,0.006593031024051915,0.9947230047876039,stampfly_udp_20260620T102544.jsonl,20260620,102544
6.542516,7.565018,1.0225020000000002,52,2,0.441589223077664,4.039384615384616,0.7212826923076923,0.4850500000000001,0.7174423076923079,0.5077596153846154,0.6078836538461538,0.11177585847537387,1.0472411760015756,0.0047239826799569855,0.8784672622050973,0.003959892892867984,1.046899812023478,stampfly_udp_20260621T230743.jsonl,20260621,230743
4.86502,6.747539,1.8825189999999994,95,2,0.38966602087020874,3.8639157894736846,0.7734884210526315,0.49814105263157893,0.7641284210526317,0.5230684210526315,0.6397065789473685,0.12944461575137917,1.0627440331689841,0.004715208741110309,0.8914708423485962,0.003957443639800842,1.062550096006717,stampfly_udp_20260621T231119.jsonl,20260621,231119
21.605042,28.315018,6.7099759999999975,336,2,0.41073712724305333,3.771333333333333,0.720921130952381,0.607979761904762,0.7032520833333334,0.607517261904762,0.6599175595238096,0.052541989620019706,1.062508041543954,0.0068238829607215725,0.8912453054855259,0.005729632403794111,1.0626858664924672,stampfly_udp_20260621T231119.jsonl,20260621,231119
10.962523,13.725038,2.7625150000000005,139,2,0.48164394111942044,3.7483165467625903,0.743415107913669,0.5753669064748201,0.7532381294964029,0.5912230215827339,0.6658107913669065,0.08277892412149522,1.067007232137471,0.004809691486406348,0.895016008330227,0.00403384970517261,1.0666295034995514,stampfly_udp_20260621T231741.jsonl,20260621,231741
10.360002,12.38,2.019998000000001,102,2,0.32688195477513704,3.537411764705883,0.7746196078431371,0.691950980392157,0.774863725490196,0.6746607843137253,0.7290237745098038,0.04612485200516685,1.1210508450107124,0.005639947875350583,0.940303433920028,0.004726094798102345,1.1217797006012145,stampfly_udp_20260621T232044.jsonl,20260621,232044
20.86,22.319998,1.4599979999999988,74,2,0.37824407662894277,3.427243243243243,0.7826121621621621,0.7375094594594594,0.7783891891891893,0.737872972972973,0.759095945945946,0.021457123762363653,1.1362479751300278,0.005073590197374469,0.953039160563825,0.004251956300947306,1.1360040838107364,stampfly_udp_20260621T232044.jsonl,20260621,232044
25.48,27.502507,2.022507000000001,102,2,0.36225282999814723,3.387529411764705,0.7751882352941178,0.7721156862745098,0.7627196078431372,0.7776813725490197,0.7719262254901961,0.005669217968941957,1.1454017232173046,0.009691824854817496,0.9607110078326938,0.008123901923067155,1.145529847692036,stampfly_udp_20260621T232044.jsonl,20260621,232044
10.982511,13.482518,2.500007,126,2,0.524414388906388,3.977523809523809,0.6061103174603175,0.6099769841269842,0.6013571428571428,0.6349650793650794,0.613102380952381,0.012986389577088753,1.020155469434495,0.004831675558641754,0.8557300166144176,0.004051280823606025,1.0202849092786024,stampfly_udp_20260621T232227.jsonl,20260621,232227
16.702509,18.622507,1.9199979999999996,97,2,0.5040274855402327,3.9552164948453603,0.6247422680412371,0.6060938144329897,0.6242000000000001,0.6184917525773196,0.6183819587628867,0.00750522624087849,1.0249916890191917,0.004599871553473185,0.8597830371793104,0.003854512756917457,1.0240945431094384,stampfly_udp_20260621T232227.jsonl,20260621,232227
5.605006,8.247513,2.6425069999999993,133,2,0.538387948409059,3.9762406015037604,0.67283007518797,0.5570263157894736,0.6847473684210527,0.5309052631578948,0.6113772556390977,0.06817145428362092,1.0200900252674492,0.005845453702899212,0.8556871138264839,0.004902451485075394,1.0212952086176137,stampfly_udp_20260622T161016.jsonl,20260622,161016
9.167508,10.347519,1.1800110000000004,60,2,0.4345471367239952,3.9539999999999997,0.72831,0.5235733333333333,0.7384699999999998,0.5003949999999999,0.6226870833333334,0.1110639156095302,1.0509928673589708,0.00473956716214384,0.8816099933697829,0.003972654146224532,1.0521174659794883,stampfly_udp_20260622T161016.jsonl,20260622,161016
5.465032,17.985043,12.520011,627,3,0.48835621182428024,3.9893460925039874,0.6872695374800638,0.5404216905901117,0.6836535885167464,0.5332003189792663,0.611136283891547,0.07438010504273508,1.0261846575620006,0.011588358276582309,0.8607983844671647,0.009718554279999368,1.0262835563712225,stampfly_udp_20260622T165808.jsonl,20260622,165808
12.067536,13.905013,1.8374769999999998,93,3,0.5086829947528019,3.9820215053763444,0.6284774193548387,0.5798591397849463,0.6385516129032259,0.5757096774193549,0.6056494623655915,0.0281300488434731,1.0018677517156296,0.009961439873212055,0.8404031958471896,0.008347694625921496,1.0012125569656232,stampfly_udp_20260622T173150.jsonl,20260622,173150
16.227711,17.365006,1.1372950000000017,58,3,0.523177025646999,3.9679999999999995,0.6086706896551725,0.594255172413793,0.6146120689655172,0.5986086206896553,0.6040366379310346,0.008038261873452138,0.9909100403154103,0.00906760491648274,0.8312177080269447,0.0076008098290222415,0.9897994689103186,stampfly_udp_20260622T173150.jsonl,20260622,173150
18.885013,20.965042,2.0800289999999997,105,3,0.3984029798280625,3.9500190476190475,0.6422695238095238,0.5861780952380953,0.6608580952380951,0.5948161904761904,0.6210304761904761,0.03138157746324488,1.0309292510543815,0.0104772150834647,0.8647616961420401,0.008780208101861815,1.0304986948387092,stampfly_udp_20260622T173150.jsonl,20260622,173150
22.645006,28.925,6.279994000000002,315,3,0.4791032337953174,3.9284317460317464,0.625963492063492,0.6042346031746032,0.6351003174603175,0.6091269841269841,0.6186063492063492,0.012475816467191574,1.0140730321720484,0.010264740720346896,0.8506316161161913,0.008603491589146911,1.0141473638182505,stampfly_udp_20260622T173150.jsonl,20260622,173150
5.845005,29.210017,23.365012,1169,3,0.4842450860170751,3.9660838323353294,0.6690758768177929,0.5559803250641574,0.6672659538066723,0.5567604790419162,0.6122706586826347,0.05590459953301519,1.0166368260519039,0.007174834704733165,0.8527894582758431,0.006015570452933853,1.0163090646390947,stampfly_udp_20260622T181806.jsonl,20260622,181806
6.225017,21.665025,15.440007999999999,773,3,0.4758166010367454,3.983151358344114,0.6912732212160414,0.5362090556274256,0.6885205692108668,0.532375679172057,0.6120946313065976,0.07782015325444878,1.0278970514615853,0.01755691476224036,0.8622375331680686,0.014730378828716289,1.0278622484431637,stampfly_udp_20260622T183043.jsonl,20260622,183043
27.475007,29.097506,1.6224989999999977,82,3,0.5491185479047822,3.9200000000000013,0.6726865853658537,0.5825756097560976,0.6575109756097561,0.5682024390243903,0.6202439024390244,0.045459553240380514,1.0173349540602763,0.004792029713819044,0.8533711064814422,0.004015645631118047,1.0180928677871957,stampfly_udp_20260622T183043.jsonl,20260622,183043
5.625006,23.767504,18.142498,908,3,0.4742775254181303,3.89869603524229,0.6998588105726873,0.5541486784140969,0.7052074889867841,0.5617210352422907,0.6302340033039647,0.07237340809795961,1.038710076449484,0.0103095120212429,0.8712951727737648,0.008644748605378118,1.0386927808287418,stampfly_udp_20260622T191826.jsonl,20260622,191826
24.987509,29.207506,4.219996999999999,212,3,0.5186892288192263,3.845584905660377,0.6469500000000001,0.6189141509433962,0.6602094339622642,0.6331297169811321,0.639800825471698,0.015397880197460646,1.0351555997903223,0.004398544632327273,0.8683019549498012,0.0036864731346822953,1.0346271576016621,stampfly_udp_20260622T191826.jsonl,20260622,191826
12.097508,21.28751,9.190002000000002,458,3,0.36284354537335023,3.6471965065502188,0.7137655021834061,0.643147598253275,0.755743886462882,0.6586790393013101,0.6928340065502182,0.044808150646094724,1.0842585653784658,0.0049473880249869765,0.9094644966192149,0.004145091034531195,1.08415943740414,stampfly_udp_20260624T125432.jsonl,20260624,125432
22.98251,49.207532,26.225022,1308,3,0.32939650637841006,3.5907339449541285,0.7195252293577983,0.6782372324159021,0.7561061926605506,0.6874183486238532,0.710321750764526,0.030556919368728504,1.0998473623197438,0.010510524484457624,0.9225281803106656,0.008808177565606206,1.0998381872863836,stampfly_udp_20260624T125432.jsonl,20260624,125432
13.915017,16.670013,2.7549960000000002,138,3,0.4891621921805368,3.876463768115942,0.6867971014492754,0.5627115942028986,0.7336978260869564,0.5799347826086957,0.6407853260869566,0.07167306394341245,1.0653892112639447,0.008041568074168896,0.8936735192226325,0.006742777328979496,1.0647966165728182,stampfly_udp_20260627T020137.jsonl,20260627,020137
18.215013,23.755015,5.540002000000001,277,3,0.5118632557590085,3.8558844765342966,0.6607848375451263,0.5978447653429603,0.7232205776173285,0.604138989169675,0.6464972924187725,0.050625810320432764,1.0639728857484414,0.008276265477918982,0.892470218853195,0.00693940862531846,1.064203061481082,stampfly_udp_20260627T020137.jsonl,20260627,020137
26.560013,32.550015,5.9900020000000005,299,3,0.5492144673564362,3.825016722408026,0.6918745819397993,0.6189939799331103,0.7056538461538462,0.5956297658862876,0.6530380434782609,0.04672100172731181,1.068537230293729,0.011146734760261984,0.8962981920622327,0.009352227889907904,1.069150742431451,stampfly_udp_20260627T020137.jsonl,20260627,020137
35.940009,36.932721,0.9927119999999974,50,3,0.6022728669643402,3.8079999999999994,0.648656,0.616654,0.698964,0.645676,0.6524875,0.029602287491847543,1.0536654410012576,0.007889279299212619,0.8838198885925359,0.006614537500454927,1.053681030839388,stampfly_udp_20260627T020137.jsonl,20260627,020137
39.037513,47.495011,8.457498000000001,422,3,0.5157685863886964,3.7846635071090042,0.7018412322274881,0.6126734597156398,0.7305630331753554,0.6090670616113744,0.6635361966824644,0.0536511352291342,1.0765728397473546,0.009884251519514284,0.9030302082772032,0.008282804084425355,1.0764158043027208,stampfly_udp_20260627T020137.jsonl,20260627,020137
49.340011,51.470011,2.1300000000000026,107,3,0.5355434562558326,3.7604485981308393,0.5444906542056075,0.7789682242990655,0.5477551401869158,0.7876616822429906,0.6647189252336447,0.11864146408912828,1.0801828772966013,0.00833525464040712,0.9060833657720738,0.00698105314962934,1.0802913225935258,stampfly_udp_20260627T020137.jsonl,20260627,020137
53.177515,56.215229,3.037714000000001,152,3,0.5499319042030134,3.7473684210526317,0.5781434210526316,0.7601368421052631,0.573258552631579,0.7682203947368421,0.6699398026315789,0.09429795926599993,1.0841993657624627,0.008835317944695394,0.9094410325248008,0.007398237120630295,1.084286152125457,stampfly_udp_20260627T020137.jsonl,20260627,020137
59.180013,62.155298,2.9752849999999995,149,3,0.5194106390012191,3.7287516778523493,0.7400228187919463,0.5904845637583893,0.7617731543624161,0.6033926174496645,0.673918288590604,0.07749732750582579,1.0815804079344358,0.0063904537058466805,0.9072365317250889,0.005353110725929794,1.0809509761682916,stampfly_udp_20260627T020137.jsonl,20260627,020137
64.982515,66.105228,1.1227129999999903,57,3,0.5346477659125077,3.715368421052631,0.761157894736842,0.5707140350877193,0.7759754385964913,0.6021315789473685,0.6774947368421053,0.09189626820766734,1.0850714492155877,0.005524100781961176,0.9101640435271382,0.004629659671206801,1.0835681442656786,stampfly_udp_20260627T020137.jsonl,20260627,020137
67.692513,76.212671,8.520157999999995,425,3,0.5029013871445376,3.693364705882353,0.7009562352941177,0.6507348235294117,0.7373637647058823,0.6636080000000001,0.6881657058823529,0.03386812109698701,1.09610747942228,0.0070954390600518405,0.9193994468435392,0.005944303821058658,1.096347643207652,stampfly_udp_20260627T020137.jsonl,20260627,020137
76.840043,78.085243,1.2452000000000112,63,3,0.58392228872057,3.680000000000001,0.7241507936507937,0.6177190476190478,0.7586285714285714,0.6391809523809524,0.6849198412698412,0.0582667082269449,1.081742798294317,0.0074542115764248944,0.9073605223791694,0.006241199097515165,1.081747855620687,stampfly_udp_20260627T020137.jsonl,20260627,020137
78.829998,80.940011,2.110012999999995,106,3,0.5144774981264798,3.6743396226415093,0.6862132075471697,0.6942169811320755,0.7022367924528301,0.6863603773584904,0.6922568396226414,0.00660937533217071,1.1002468280732796,0.007486868385589616,0.9228759212314228,0.006281160760187329,1.0994293169394027,stampfly_udp_20260627T020137.jsonl,20260627,020137
85.942511,92.562515,6.620004000000009,331,3,0.5347235837551763,3.650876132930514,0.6876649546827794,0.7076788519637462,0.7108948640483383,0.6924743202416919,0.699678247734139,0.00982392399747996,1.1048869795006917,0.010363087227055631,0.9267577689470269,0.008686329259777406,1.1050078515088502,stampfly_udp_20260627T020137.jsonl,20260627,020137
100.845184,108.372506,7.527321999999998,376,3,0.4867333463848905,3.6156595744680846,0.7270933510638298,0.6659130319148936,0.7600696808510639,0.6838234042553191,0.7092248670212765,0.03682942840412274,1.1112036337136164,0.006555947092056247,0.9320507186929752,0.005494197268416135,1.1108932967049003,stampfly_udp_20260627T020137.jsonl,20260627,020137
113.010038,114.677515,1.6674770000000052,84,3,0.562150627374649,3.5988571428571428,0.7564035714285714,0.6028559523809524,0.8086416666666668,0.6449738095238094,0.70321875,0.08277647737415034,1.0928992033752127,0.006304598201580973,0.9167212295981196,0.0052799104459951346,1.0919001782344513,stampfly_udp_20260627T020137.jsonl,20260627,020137
118.155043,119.757517,1.6024740000000008,81,3,0.48871125446425545,3.585481481481482,0.7432666666666667,0.6691753086419753,0.7765814814814814,0.671920987654321,0.7152361111111112,0.04622435493008182,1.1140804609697692,0.006903973426597492,0.9344690139545814,0.005791322081402572,1.11448823632223,stampfly_udp_20260627T020137.jsonl,20260627,020137
138.432507,141.030015,2.597508000000005,130,3,0.46206947725552777,3.544,0.7456646153846155,0.6736892307692308,0.7898607692307692,0.6897007692307693,0.7247288461538461,0.04613155738895203,1.1161402481086173,0.008224203084715305,0.936193554451793,0.006898362269067928,1.1161419348720825,stampfly_udp_20260627T020137.jsonl,20260627,020137
144.740013,152.962511,8.222498000000002,411,3,0.55162759911985,3.5281946472019463,0.7073963503649634,0.723196593673966,0.7468742092457421,0.747680291970803,0.7312868613138686,0.016940476145448462,1.1224048498360308,0.010725950791110205,0.9414394776378006,0.008991276249080296,1.1227184805697614,stampfly_udp_20260627T020137.jsonl,20260627,020137
159.210038,162.327513,3.117475000000013,156,3,0.4540546545997644,3.5119999999999996,0.7150692307692308,0.7190679487179487,0.7474333333333334,0.741098717948718,0.7306673076923078,0.013854232819316838,1.1147201009184515,0.008227761959753712,0.935003719669418,0.006895326514196373,1.1140134627768021,stampfly_udp_20260627T020137.jsonl,20260627,020137
164.447507,166.272515,1.8250079999999969,92,3,0.5464307970326879,3.5040000000000013,0.7753173913043475,0.6428239130434782,0.8128673913043477,0.6630347826086956,0.7235108695652173,0.07217382787121744,1.0938773298851197,0.008477840683464554,0.9175359345804471,0.007105409792469076,1.0938643202153833,stampfly_udp_20260627T020137.jsonl,20260627,020137
167.957624,169.360011,1.402386999999976,71,3,0.4263760204046545,3.4960000000000004,0.7578957746478874,0.6810056338028169,0.7912521126760563,0.7249309859154931,0.7387711267605633,0.04076888431984364,1.1240332022433313,0.0075410741657137795,0.9428038114215795,0.006324246929526963,1.1240246030622179,stampfly_udp_20260627T020137.jsonl,20260627,020137
170.985018,172.447505,1.46248700000001,74,3,0.455192991607898,3.490594594594594,0.7553405405405405,0.7170716216216216,0.787781081081081,0.72505,0.7463108108108109,0.027875937634703536,1.138904846403341,0.004211889583797248,0.9552666551662174,0.0035300862271008815,1.1396650810253355,stampfly_udp_20260627T020137.jsonl,20260627,020137
174.615013,177.202513,2.5875000000000057,130,3,0.578261001751973,3.488,0.7370207692307692,0.7306853846153847,0.757236923076923,0.7501915384615385,0.7437836538461539,0.010480370978672222,1.13096958542733,0.005470594734574198,0.9486145590585668,0.004585191668070619,1.1309903597280022,stampfly_udp_20260627T020137.jsonl,20260627,020137
44.599672,46.367172,1.7674999999999983,79,3,0.4329152575022058,3.8346329113924047,0.7295569620253164,0.6075974683544304,0.7674696202531643,0.5805455696202532,0.6712924050632911,0.07895702695918194,1.1230362624164911,0.005516087587308012,0.9419810746557271,0.004623739850009,1.1242554399300206,stampfly_udp_20260627T165713.jsonl,20260627,165713
9.127538,10.287516,1.1599780000000006,59,3,0.3254075484760737,4.034305084745763,0.6739745762711865,0.7302542372881357,0.747120338983051,0.5284322033898304,0.6699453389830509,0.08607459866058391,1.218346058625283,0.006085954897596816,1.0218799229269888,0.0051017936918952055,1.219777714057322,stampfly_udp_20260629T145526.jsonl,20260629,145526
17.427516,18.73004,1.3025239999999982,66,3,0.2817752609650294,4.00630303030303,0.6586909090909091,0.7447181818181817,0.7204484848484848,0.5682939393939395,0.6730378787878788,0.06812297664664435,1.2101155696335346,0.007274793578157836,1.0149721159368985,0.0060981876596183275,1.210839927425102,stampfly_udp_20260629T145526.jsonl,20260629,145526
26.447514,27.907542,1.4600279999999977,74,3,0.24539122951997294,3.976,0.674958108108108,0.7593513513513515,0.7389810810810812,0.5558378378378378,0.6822820945945945,0.07936661176221492,1.2240540377625628,0.009765716907300173,1.0266613206506865,0.008187074628225106,1.2240467838647837,stampfly_udp_20260629T145526.jsonl,20260629,145526
29.527516,31.887518,2.3600020000000015,119,3,0.18242260287789738,3.9631596638655457,0.6686369747899159,0.7546159663865546,0.7373134453781514,0.5772991596638656,0.6844663865546218,0.06973012256759217,1.222144907920378,0.008665614299053104,1.0250564645904958,0.007265145156489275,1.222566323498734,stampfly_udp_20260629T145526.jsonl,20260629,145526
39.630016,43.507516,3.877500000000005,193,3,0.13244688036065028,3.931772020725388,0.684937823834197,0.7499062176165803,0.7596259067357513,0.572661139896373,0.6917827720207254,0.07452825372223132,1.22886791203349,0.008092827591416298,1.0306955984429513,0.006786942271699503,1.2287873101048175,stampfly_udp_20260629T145526.jsonl,20260629,145526
48.100036,49.42004,1.3200039999999973,66,3,0.1773361719467423,3.911999999999999,0.6914893939393939,0.7552636363636365,0.7603348484848486,0.5636015151515151,0.6926723484848486,0.07930410238977718,1.221654269611516,0.00920025793589447,1.0246489451741523,0.007713492160170938,1.2212124707217322,stampfly_udp_20260629T145526.jsonl,20260629,145526
108.292543,109.55501,1.262467000000001,64,3,0.0951343271881342,3.736,0.702453125,0.797815625,0.772840625,0.636715625,0.7274562499999999,0.06298650734420738,1.2246399792852403,0.010278618434619009,1.0271449264083687,0.008616165926376122,1.2246369706932183,stampfly_udp_20260629T145526.jsonl,20260629,145526
149.122693,150.927513,1.8048200000000065,91,3,0.1314181442280392,3.6334945054945056,0.7691703296703297,0.8221263736263736,0.8180021978021979,0.6410120879120881,0.7625777472527473,0.07321130427665538,1.2651356208421274,0.010737573192251857,1.0610958724873434,0.009002473064620061,1.2652415868600804,stampfly_udp_20260629T145526.jsonl,20260629,145526
169.557516,171.257539,1.7000230000000158,86,3,0.06483166158026041,3.6000000000000023,0.7586162790697676,0.8057453488372093,0.8235662790697673,0.6079058139534883,0.7489584302325581,0.08482364033107177,1.2123428482662104,0.006843380336337573,1.0168446070428308,0.005735551623634259,1.2123438743415056,stampfly_udp_20260629T145526.jsonl,20260629,145526
174.775016,178.362694,3.587678000000011,180,3,0.06986688661078612,3.587777777777778,0.7449033333333334,0.8357505555555554,0.8043138888888889,0.6440927777777777,0.7572651388888889,0.07303140259840256,1.2254696542994803,0.009896493938172978,1.027844031619571,0.008295476430700336,1.2252349630557275,stampfly_udp_20260629T145526.jsonl,20260629,145526
20.674998,23.814998,3.1400000000000006,158,2,0.4642311904249312,4.012556962025316,0.5969898734177215,0.6212550632911391,0.617086075949367,0.6483316455696203,0.6209156645569619,0.018295220939695957,1.0637832155408822,0.007319368573696315,0.8923129742149355,0.006135666413087745,1.0633306231546304,stampfly_udp_20260717T211648.jsonl,20260717,211648
27.7,28.82,1.120000000000001,57,2,0.5399000205491719,3.992,0.5250842105263158,0.6696807017543859,0.5419578947368421,0.7336035087719299,0.6175815789473684,0.08724980168440145,1.0486714553891319,0.0036651815019953754,0.879654019374585,0.0030783626375823162,1.0486686107176717,stampfly_udp_20260717T211648.jsonl,20260717,211648
28.940014,30.83752,1.897506,95,2,0.4686188838983837,4.0021894736842105,0.650277894736842,0.5622273684210526,0.669878947368421,0.5887526315789474,0.6177842105263157,0.043872247495164815,1.052524197147998,0.005762005572573216,0.8828799353704151,0.0048474463893499915,1.052170168239903,stampfly_udp_20260717T223206.jsonl,20260717,223206
40.015038,41.3552,1.3401620000000065,68,2,0.5434534015024409,3.968000000000001,0.6278470588235293,0.5802544117647058,0.6842602941176471,0.6221602941176471,0.6286305147058824,0.03700472014066903,1.062383134229475,0.005140073579988495,0.8911313714645459,0.004307851850795335,1.0623975779972867,stampfly_udp_20260717T223206.jsonl,20260717,223206
57.857516,59.200016,1.3425000000000011,68,2,0.44627135334646,3.907647058823529,0.6467588235294117,0.5987338235294118,0.6941808823529412,0.638575,0.6445621323529411,0.03392243154287336,1.0781617605382627,0.00296642643162971,0.9043533715222906,0.0024875826551783954,1.078702499797009,stampfly_udp_20260717T223206.jsonl,20260717,223206
35.082511,37.240008,2.1574970000000064,108,2,0.5006532544891039,4.001481481481481,0.6268444444444443,0.5945074074074074,0.6556777777777777,0.6141388888888889,0.6227921296296296,0.02220805707388466,1.062602985093479,0.0035271185289736536,0.8913197791274579,0.002954770589371391,1.0631511220397334,stampfly_udp_20260717T224508.jsonl,20260717,224508
52.807541,54.217496,1.4099549999999965,71,2,0.4924883632592752,3.944000000000001,0.623461971830986,0.6225591549295775,0.6612338028169014,0.6389394366197183,0.6365485915492959,0.015668756715721332,1.071774166878898,0.0057141109851638824,0.8989978952195818,0.004789960069414557,1.071765602775496,stampfly_udp_20260717T224508.jsonl,20260717,224508
57.08001,58.76751,1.6875,85,2,0.513931533168344,3.929882352941176,0.66084,0.6069329411764706,0.6790670588235295,0.6078399999999999,0.63867,0.031941982814001506,1.0730602603533466,0.004528071935217448,0.9000800588050224,0.003794035619120118,1.0725144921897969,stampfly_udp_20260717T224508.jsonl,20260717,224508
21.352518,22.692508,1.3399900000000002,68,3,0.299383765196099,4.0145882352941165,0.48389411764705886,0.6925779411764706,0.5102911764705882,0.753289705882353,0.6100132352941178,0.11532085515393249,1.0488679241677001,0.008165226681580305,0.8798425412982808,0.006841278072988269,1.0494930612161986,stampfly_udp_20260717T224906.jsonl,20260717,224906
41.287518,44.157518,2.8700000000000045,144,3,0.28453660094075733,3.9444999999999997,0.5769743055555556,0.6475791666666667,0.5813381944444445,0.696045138888889,0.6254842013888889,0.049419412467179624,1.0452272252254384,0.0038378469206570977,0.8767560354311139,0.003215120430756805,1.0449737108432995,stampfly_udp_20260717T224906.jsonl,20260717,224906
44.842521,45.967515,1.124994000000001,57,3,0.37417830396116825,3.936,0.5160421052631579,0.6900771929824561,0.5479561403508773,0.7448649122807017,0.6247350877192982,0.09540693982041981,1.0506081312511744,0.011245229200915693,0.8812904074621987,0.009441181642659249,1.050602638622798,stampfly_udp_20260717T224906.jsonl,20260717,224906
54.262519,57.812518,3.5499989999999997,177,3,0.4485941859288404,3.900926553672316,0.6668751412429379,0.5805367231638418,0.6833022598870057,0.6045920903954802,0.6338265536723163,0.04252797468890898,1.0484519111585955,0.010148061757281609,0.8794575888516724,0.008506405581038158,1.0487973546938982,stampfly_udp_20260717T224906.jsonl,20260717,224906
10.762522,13.155019,2.3924969999999988,118,3,0.3889580957465253,4.0743728813559335,0.5573330508474578,0.6118805084745764,0.5715449152542373,0.6475296610169491,0.5970720338983051,0.035341489831018966,1.018232041256362,0.007759464517401858,0.8541229070898795,0.006500845630966293,1.0181934118536464,stampfly_udp_20260717T231940.jsonl,20260717,231940
22.580021,24.205021,1.625,82,3,0.38197967337398997,4.031999999999999,0.5772048780487805,0.5848585365853659,0.6091146341463415,0.6234182926829268,0.5986490853658536,0.01852751066331873,1.0047380548426215,0.005727433469107142,0.8428118983126773,0.004802322447949274,1.0047330393541456,stampfly_udp_20260717T231940.jsonl,20260717,231940
34.217542,36.110019,1.8924769999999995,95,3,0.39901339694073323,3.989305263157894,0.5482757894736842,0.6729905263157896,0.5498399999999999,0.6939736842105264,0.61627,0.06762255210084565,1.041670870154212,0.0038714106064863052,0.8737807885077505,0.0032499081299160537,1.0418163498498083,stampfly_udp_20260717T231940.jsonl,20260717,231940
9.725195,11.87752,2.152325000000001,108,3,0.3616903363554566,4.078444444444444,0.5760666666666667,0.614236111111111,0.5825074074074075,0.6330009259259258,0.6014527777777778,0.02324909115699359,1.03581931957572,0.006958582568417241,0.8688715076408674,0.0058301036315162764,1.0354789433271891,stampfly_udp_20260718T022929.jsonl,20260718,022929
12.46002,16.47502,4.015000000000001,200,3,0.3933775885403156,4.064039999999999,0.57053,0.616233,0.585124,0.6401195,0.603001625,0.027050054688888978,1.0323708328989434,0.008353242268582084,0.8659770152053322,0.006997114280660672,1.0322476984384976,stampfly_udp_20260718T022929.jsonl,20260718,022929
17.397524,21.277545,3.8800209999999993,194,3,0.4817923121538359,4.044412371134021,0.6140010309278351,0.5945690721649485,0.6001494845360825,0.6036087628865979,0.603082087628866,0.007081177564182142,1.0233891638100465,0.005877298664224467,0.8584469784223119,0.004929081405166162,1.0236030109142722,stampfly_udp_20260718T022929.jsonl,20260718,022929
23.642526,26.800018,3.1574920000000013,158,3,0.4670331253658367,4.0252151898734185,0.5527088607594937,0.6603905063291139,0.5551221518987343,0.6878398734177215,0.6140153481012659,0.0608843366310145,1.050668191544727,0.010365041593520658,0.8813218876297346,0.008692113756357468,1.0507123763453894,stampfly_udp_20260718T022929.jsonl,20260718,022929
29.147522,30.99002,1.8424980000000026,93,3,0.5783618239946263,4.009376344086021,0.5608043010752688,0.6690903225806453,0.5372129032258064,0.6788462365591397,0.611488440860215,0.06312841463194861,1.0357279280139151,0.004835925578246316,0.8687967531734095,0.0040548858842842,1.0354994403836837,stampfly_udp_20260718T022929.jsonl,20260718,022929
31.650018,44.807544,13.157526,652,3,0.5107272133413999,3.9806012269938646,0.6110607361963191,0.6292691717791411,0.6014023006134969,0.6390599693251534,0.6201980444785277,0.014788745294206493,1.0436157170607636,0.009022805843554494,0.8753990357531737,0.007562813835019937,1.0438112566225894,stampfly_udp_20260718T022929.jsonl,20260718,022929
45.70502,51.287522,5.582502000000005,277,3,0.5170310290281523,3.9479566787003604,0.5860357400722023,0.6671191335740072,0.5755422382671481,0.681615523465704,0.6275781588447654,0.047215026859967923,1.0537185763547887,0.011597851642427347,0.8838758944097833,0.009727801325807067,1.0540526616325105,stampfly_udp_20260718T022929.jsonl,20260718,022929
52.867524,58.127516,5.259991999999997,263,3,0.5170758179612033,3.9253231939163484,0.6053372623574145,0.6554574144486692,0.6054121673003802,0.672596958174905,0.6347009505703421,0.02994577263988263,1.061318817902362,0.00928187474342717,0.8902415149206263,0.0077773692029413175,1.0615506705408766,stampfly_udp_20260718T022929.jsonl,20260718,022929
59.330016,74.475045,15.145028999999994,752,3,0.5088133761619634,3.890361702127659,0.6331363031914894,0.6420917553191489,0.631997340425532,0.6501452127659575,0.6393426529255318,0.007360795741977553,1.0584482902950305,0.010415274096666052,0.8878356538220696,0.008734436406330306,1.0582454629731062,stampfly_udp_20260718T022929.jsonl,20260718,022929
111.830043,113.972514,2.1424710000000005,108,3,0.4247059700665651,3.754370370370371,0.6522259259259259,0.6767120370370371,0.6486842592592593,0.7079796296296296,0.671400462962963,0.02371675059143346,1.0792534860223546,0.008543502421932027,0.9052677420850187,0.007163087799632442,1.0797406493184358,stampfly_udp_20260718T022929.jsonl,20260718,022929
54.387502,57.487511,3.100009,155,3,0.569634388723681,3.9041032258064514,0.5907600000000001,0.6868083870967742,0.5951954838709677,0.6790425806451613,0.6379516129032258,0.04508488358862412,1.0607584125880796,0.004111963753188484,0.8897715616889833,0.00344918619491337,1.0611734112722497,stampfly_udp_20260718T064222.jsonl,20260718,064222
